Error with Permissions-Policy header: Unrecognized feature: 'browsing-topics'.
Error with Permissions-Policy header: Unrecognized feature: 'run-ad-auction'.
Error with Permissions-Policy header: Origin trial controlled feature not enabled: 'join-ad-interest-group'.
Error with Permissions-Policy header: Unrecognized feature: 'private-state-token-redemption'.
Error with Permissions-Policy header: Unrecognized feature: 'private-state-token-issuance'.
Error with Permissions-Policy header: Unrecognized feature: 'private-aggregation'.
Error with Permissions-Policy header: Unrecognized feature: 'attribution-reporting'.
ecsv2.roblox.com/www/e.png?evt=userInteractions&ctx=mouse&url=https%3A%2F%2Fwww.roblox.com%2Fusers%2F2911519853%2Ftrade&lt=2026-05-20T12%3A05%3A52.490Z&gid=-67862807&sid=de00683c-2b46-4c41-bb1b-ac493608d67c:1  GET https://ecsv2.roblox.com/www/e.png?evt=userInteractions&ctx=mouse&url=https%3A%2F%2Fwww.roblox.com%2Fusers%2F2911519853%2Ftrade&lt=2026-05-20T12%3A05%3A52.490Z&gid=-67862807&sid=de00683c-2b46-4c41-bb1b-ac493608d67c net::ERR_BLOCKED_BY_CLIENT
Image
sendEventWithTarget @ 0496306d944faeb488779bad1af0738e.js:96
sendEvent @ 0496306d944faeb488779bad1af0738e.js:98
fireEventStreamEvent @ 0496306d944faeb488779bad1af0738e.js:111
sendEvent @ 0496306d944faeb488779bad1af0738e.js:112
dispatch @ 0496306d944faeb488779bad1af0738e.js:12
r.handle @ 0496306d944faeb488779bad1af0738e.js:12
trade:372 Loading the image 'blob:https://www.roblox.com/62666edc-c536-4fbb-8432-6c9cc8478585' violates the following Content Security Policy directive: "img-src 'self' data: *.cloudfront.net *.gilcdn.com *.gldcdn.com *.google-analytics.com *.google.com *.kaptcha.com *.openstreetmap.org *.rblx.org *.rbxcdn.com *.roblox.com *.robloxlabs.com googleads.g.doubleclick.net i.ytimg.com www.googletagmanager.com robloxcorp.s.llnwi.net roblox-poc.global.ssl.fastly.net d1unuk07s6td74.cloudfront.net *.sierra.chat sierra.chat *.stripe.com *.tarobicdn.com *.tarobidevsandboxcdn.com www.facebook.com *.snapchat.com *.safecharge.com". The action has been blocked.
trade:372  POST https://metrics.roblox.com/v1/csp/report?type=enforce net::ERR_BLOCKED_BY_CLIENT
trade:1 Uncaught (in promise) Error: A listener indicated an asynchronous response by returning true, but the message channel closed before a response was received
trades-list.js:105  GET https://metrics.roblox.com/v1/thumbnails/metadata net::ERR_BLOCKED_BY_CLIENT
tisTradesListXhrSend @ trades-list.js:105
e.send @ injectScriptAdjust.js:1
send @ 0496306d944faeb488779bad1af0738e.js:16
ajax @ 0496306d944faeb488779bad1af0738e.js:16
init @ 3549e188c34f5a2d6fd6ff275813b3bc.js:207
(anonymous) @ 3549e188c34f5a2d6fd6ff275813b3bc.js:216
(anonymous) @ 3549e188c34f5a2d6fd6ff275813b3bc.js:216
de7063d3320bfcbf6356e3b749302f3d52d6024125e3f0e6f3ff5fc37b1dc1e5-Sentry.js:1 WARNING: Tried to load AngularJS more than once.
ecsv2.roblox.com/www/e.png?evt=pageHeartbeat&ctx=heartbeat1&url=https%3A%2F%2Fwww.roblox.com%2Fusers%2F2911519853%2Ftrade&lt=2026-05-20T12%3A05%3A54.037Z&gid=-67862807&sid=de00683c-2b46-4c41-bb1b-ac493608d67c:1  GET https://ecsv2.roblox.com/www/e.png?evt=pageHeartbeat&ctx=heartbeat1&url=https%3A%2F%2Fwww.roblox.com%2Fusers%2F2911519853%2Ftrade&lt=2026-05-20T12%3A05%3A54.037Z&gid=-67862807&sid=de00683c-2b46-4c41-bb1b-ac493608d67c net::ERR_BLOCKED_BY_CLIENT
Image
sendEventWithTarget @ 0496306d944faeb488779bad1af0738e.js:96
sendEvent @ 0496306d944faeb488779bad1af0738e.js:98
streamEvent @ 0496306d944faeb488779bad1af0738e.js:120
(anonymous) @ 0496306d944faeb488779bad1af0738e.js:120
setTimeout
sendNextEvent @ 0496306d944faeb488779bad1af0738e.js:120
sendHeartbeatEvents @ 0496306d944faeb488779bad1af0738e.js:121
init @ 0496306d944faeb488779bad1af0738e.js:122
(anonymous) @ trade:286
ecsv2.roblox.com/www/e.png?btn=GuacMigration&ctx=guac_migration&url=https%3A%2F%2Fapis.roblox.com%2Fguac-v2%2Fv1%2Fbundles%2Fuser-heartbeats&latency=456&version=v2&status=success&error=&errordetails=&evt=guac_migration&lt=2026-05-20T12%3A05%3A54.192Z&gid=-67862807&sid=de00683c-2b46-4c41-bb1b-ac493608d67c:1  GET https://ecsv2.roblox.com/www/e.png?btn=GuacMigration&ctx=guac_migration&url=https%3A%2F%2Fapis.roblox.com%2Fguac-v2%2Fv1%2Fbundles%2Fuser-heartbeats&latency=456&version=v2&status=success&error=&errordetails=&evt=guac_migration&lt=2026-05-20T12%3A05%3A54.192Z&gid=-67862807&sid=de00683c-2b46-4c41-bb1b-ac493608d67c net::ERR_BLOCKED_BY_CLIENT
Image
sendEventWithTarget @ 0496306d944faeb488779bad1af0738e.js:96
lk @ 38ce3bd52c1b542dd81e38c52eecd03de1499c5bf9c7b463db2e484d87b26d5e-CoreUtilities.js:11
lG @ 38ce3bd52c1b542dd81e38c52eecd03de1499c5bf9c7b463db2e484d87b26d5e-CoreUtilities.js:11
bs @ 38ce3bd52c1b542dd81e38c52eecd03de1499c5bf9c7b463db2e484d87b26d5e-CoreUtilities.js:11
(anonymous) @ 38ce3bd52c1b542dd81e38c52eecd03de1499c5bf9c7b463db2e484d87b26d5e-CoreUtilities.js:11
(anonymous) @ 38ce3bd52c1b542dd81e38c52eecd03de1499c5bf9c7b463db2e484d87b26d5e-CoreUtilities.js:11
bi @ 38ce3bd52c1b542dd81e38c52eecd03de1499c5bf9c7b463db2e484d87b26d5e-CoreUtilities.js:11
i @ 38ce3bd52c1b542dd81e38c52eecd03de1499c5bf9c7b463db2e484d87b26d5e-CoreUtilities.js:11
Promise.then
bi @ 38ce3bd52c1b542dd81e38c52eecd03de1499c5bf9c7b463db2e484d87b26d5e-CoreUtilities.js:11
i @ 38ce3bd52c1b542dd81e38c52eecd03de1499c5bf9c7b463db2e484d87b26d5e-CoreUtilities.js:11
(anonymous) @ 38ce3bd52c1b542dd81e38c52eecd03de1499c5bf9c7b463db2e484d87b26d5e-CoreUtilities.js:11
(anonymous) @ 38ce3bd52c1b542dd81e38c52eecd03de1499c5bf9c7b463db2e484d87b26d5e-CoreUtilities.js:11
bc @ 38ce3bd52c1b542dd81e38c52eecd03de1499c5bf9c7b463db2e484d87b26d5e-CoreUtilities.js:11
(anonymous) @ 215fe9b0fe92491f665645f65f57db6668d716af72e02465db259b715f061118.js:1
(anonymous) @ 215fe9b0fe92491f665645f65f57db6668d716af72e02465db259b715f061118.js:1
(anonymous) @ 215fe9b0fe92491f665645f65f57db6668d716af72e02465db259b715f061118.js:1
d @ 215fe9b0fe92491f665645f65f57db6668d716af72e02465db259b715f061118.js:1
u @ 215fe9b0fe92491f665645f65f57db6668d716af72e02465db259b715f061118.js:1
(anonymous) @ 215fe9b0fe92491f665645f65f57db6668d716af72e02465db259b715f061118.js:1
y @ 215fe9b0fe92491f665645f65f57db6668d716af72e02465db259b715f061118.js:1
y @ 215fe9b0fe92491f665645f65f57db6668d716af72e02465db259b715f061118.js:1
loadGuacConfig @ 215fe9b0fe92491f665645f65f57db6668d716af72e02465db259b715f061118.js:1
(anonymous) @ 215fe9b0fe92491f665645f65f57db6668d716af72e02465db259b715f061118.js:1
(anonymous) @ 215fe9b0fe92491f665645f65f57db6668d716af72e02465db259b715f061118.js:1
(anonymous) @ 215fe9b0fe92491f665645f65f57db6668d716af72e02465db259b715f061118.js:1
m @ 215fe9b0fe92491f665645f65f57db6668d716af72e02465db259b715f061118.js:1
u @ 215fe9b0fe92491f665645f65f57db6668d716af72e02465db259b715f061118.js:1
(anonymous) @ 215fe9b0fe92491f665645f65f57db6668d716af72e02465db259b715f061118.js:1
k @ 215fe9b0fe92491f665645f65f57db6668d716af72e02465db259b715f061118.js:1
k @ 215fe9b0fe92491f665645f65f57db6668d716af72e02465db259b715f061118.js:1
(anonymous) @ 215fe9b0fe92491f665645f65f57db6668d716af72e02465db259b715f061118.js:1
(anonymous) @ 215fe9b0fe92491f665645f65f57db6668d716af72e02465db259b715f061118.js:1
(anonymous) @ 215fe9b0fe92491f665645f65f57db6668d716af72e02465db259b715f061118.js:1
de7063d3320bfcbf6356e3b749302f3d52d6024125e3f0e6f3ff5fc37b1dc1e5-Sentry.js:1 An error occurred! For more details, see the full error text at https://go.apollo.dev/c/err#%7B%22version%22%3A%223.14.0%22%2C%22message%22%3A104%2C%22args%22%3A%5B%22ApolloClient%22%2C%22connectToDevTools%22%2C%22Please%20use%20%60devtools.enabled%60%20instead.%22%5D%7D
(anonymous) @ de7063d3320bfcbf6356e3b749302f3d52d6024125e3f0e6f3ff5fc37b1dc1e5-Sentry.js:1
(anonymous) @ ae804c3dafcd83754114025b6f46fd00465706f65650ddea7213347ce9ed8bcf-SendrNotificationStream.js:12
(anonymous) @ ae804c3dafcd83754114025b6f46fd00465706f65650ddea7213347ce9ed8bcf-SendrNotificationStream.js:1
(anonymous) @ ae804c3dafcd83754114025b6f46fd00465706f65650ddea7213347ce9ed8bcf-SendrNotificationStream.js:1
d @ ae804c3dafcd83754114025b6f46fd00465706f65650ddea7213347ce9ed8bcf-SendrNotificationStream.js:1
f @ ae804c3dafcd83754114025b6f46fd00465706f65650ddea7213347ce9ed8bcf-SendrNotificationStream.js:1
t @ ae804c3dafcd83754114025b6f46fd00465706f65650ddea7213347ce9ed8bcf-SendrNotificationStream.js:1
(anonymous) @ ae804c3dafcd83754114025b6f46fd00465706f65650ddea7213347ce9ed8bcf-SendrNotificationStream.js:12
(anonymous) @ ae804c3dafcd83754114025b6f46fd00465706f65650ddea7213347ce9ed8bcf-SendrNotificationStream.js:25
(anonymous) @ ae804c3dafcd83754114025b6f46fd00465706f65650ddea7213347ce9ed8bcf-SendrNotificationStream.js:25
de7063d3320bfcbf6356e3b749302f3d52d6024125e3f0e6f3ff5fc37b1dc1e5-Sentry.js:1 Account Security Prompt: No assignments were retrieved
trades-list.js:105  POST https://apis.roblox.com/user-heartbeats-api/pulse 403 (Forbidden)
tisTradesListXhrSend @ trades-list.js:105
e.send @ injectScriptAdjust.js:1
(anonymous) @ de7063d3320bfcbf6356e3b749302f3d52d6024125e3f0e6f3ff5fc37b1dc1e5-Sentry.js:1
apply @ de7063d3320bfcbf6356e3b749302f3d52d6024125e3f0e6f3ff5fc37b1dc1e5-Sentry.js:1
(anonymous) @ 38ce3bd52c1b542dd81e38c52eecd03de1499c5bf9c7b463db2e484d87b26d5e-CoreUtilities.js:6
e.exports @ 38ce3bd52c1b542dd81e38c52eecd03de1499c5bf9c7b463db2e484d87b26d5e-CoreUtilities.js:6
e.exports @ 38ce3bd52c1b542dd81e38c52eecd03de1499c5bf9c7b463db2e484d87b26d5e-CoreUtilities.js:6
Promise.then
u.request @ 38ce3bd52c1b542dd81e38c52eecd03de1499c5bf9c7b463db2e484d87b26d5e-CoreUtilities.js:6
(anonymous) @ 38ce3bd52c1b542dd81e38c52eecd03de1499c5bf9c7b463db2e484d87b26d5e-CoreUtilities.js:6
(anonymous) @ 38ce3bd52c1b542dd81e38c52eecd03de1499c5bf9c7b463db2e484d87b26d5e-CoreUtilities.js:11
Promise.then
ff @ 38ce3bd52c1b542dd81e38c52eecd03de1499c5bf9c7b463db2e484d87b26d5e-CoreUtilities.js:11
fp @ 38ce3bd52c1b542dd81e38c52eecd03de1499c5bf9c7b463db2e484d87b26d5e-CoreUtilities.js:11
(anonymous) @ 215fe9b0fe92491f665645f65f57db6668d716af72e02465db259b715f061118.js:1
(anonymous) @ 215fe9b0fe92491f665645f65f57db6668d716af72e02465db259b715f061118.js:1
(anonymous) @ 215fe9b0fe92491f665645f65f57db6668d716af72e02465db259b715f061118.js:1
c @ 215fe9b0fe92491f665645f65f57db6668d716af72e02465db259b715f061118.js:1
u @ 215fe9b0fe92491f665645f65f57db6668d716af72e02465db259b715f061118.js:1
(anonymous) @ 215fe9b0fe92491f665645f65f57db6668d716af72e02465db259b715f061118.js:1
l @ 215fe9b0fe92491f665645f65f57db6668d716af72e02465db259b715f061118.js:1
l @ 215fe9b0fe92491f665645f65f57db6668d716af72e02465db259b715f061118.js:1
(anonymous) @ 215fe9b0fe92491f665645f65f57db6668d716af72e02465db259b715f061118.js:1
(anonymous) @ 215fe9b0fe92491f665645f65f57db6668d716af72e02465db259b715f061118.js:1
(anonymous) @ 215fe9b0fe92491f665645f65f57db6668d716af72e02465db259b715f061118.js:1
(anonymous) @ 215fe9b0fe92491f665645f65f57db6668d716af72e02465db259b715f061118.js:1
s @ 215fe9b0fe92491f665645f65f57db6668d716af72e02465db259b715f061118.js:1
u @ 215fe9b0fe92491f665645f65f57db6668d716af72e02465db259b715f061118.js:1
(anonymous) @ 215fe9b0fe92491f665645f65f57db6668d716af72e02465db259b715f061118.js:1
(anonymous) @ 215fe9b0fe92491f665645f65f57db6668d716af72e02465db259b715f061118.js:1
value @ 215fe9b0fe92491f665645f65f57db6668d716af72e02465db259b715f061118.js:1
value @ 215fe9b0fe92491f665645f65f57db6668d716af72e02465db259b715f061118.js:1
(anonymous) @ 215fe9b0fe92491f665645f65f57db6668d716af72e02465db259b715f061118.js:1
(anonymous) @ 215fe9b0fe92491f665645f65f57db6668d716af72e02465db259b715f061118.js:1
(anonymous) @ 215fe9b0fe92491f665645f65f57db6668d716af72e02465db259b715f061118.js:1
m @ 215fe9b0fe92491f665645f65f57db6668d716af72e02465db259b715f061118.js:1
u @ 215fe9b0fe92491f665645f65f57db6668d716af72e02465db259b715f061118.js:1
Promise.then
m @ 215fe9b0fe92491f665645f65f57db6668d716af72e02465db259b715f061118.js:1
u @ 215fe9b0fe92491f665645f65f57db6668d716af72e02465db259b715f061118.js:1
(anonymous) @ 215fe9b0fe92491f665645f65f57db6668d716af72e02465db259b715f061118.js:1
k @ 215fe9b0fe92491f665645f65f57db6668d716af72e02465db259b715f061118.js:1
k @ 215fe9b0fe92491f665645f65f57db6668d716af72e02465db259b715f061118.js:1
(anonymous) @ 215fe9b0fe92491f665645f65f57db6668d716af72e02465db259b715f061118.js:1
(anonymous) @ 215fe9b0fe92491f665645f65f57db6668d716af72e02465db259b715f061118.js:1
(anonymous) @ 215fe9b0fe92491f665645f65f57db6668d716af72e02465db259b715f061118.js:1
de7063d3320bfcbf6356e3b749302f3d52d6024125e3f0e6f3ff5fc37b1dc1e5-Sentry.js:1 
      _______      _________      _____       ______     _
     / _____ \    |____ ____|    / ___ \     | ____ \   | |
    / /     \_\       | |       / /   \ \    | |   \ \  | |
    | |               | |      / /     \ \   | |   | |  | |
    \ \______         | |      | |     | |   | |___/ /  | |
     \______ \        | |      | |     | |   |  ____/   | |
            \ \       | |      | |     | |   | |        | |
     _      | |       | |      \ \     / /   | |        |_|
    \ \_____/ /       | |       \ \___/ /    | |         _
     \_______/        |_|        \_____/     |_|        |_|

     Keep your account safe! Do not send any information from
     here to anyone or paste any text here.

     If someone is asking you to copy or paste text here then
     you're giving someone access to your account, your gear,
     and your Robux.

     To learn more about keeping your account safe you can go to

     https://www.roblox.com/info/account-safety
ecsv2.roblox.com/www/e.png?state=true&evt=authPageload&ctx=accountSwitcherStatus&url=https%3A%2F%2Fwww.roblox.com%2Fusers%2F2911519853%2Ftrade&lt=2026-05-20T12%3A05%3A54.691Z&gid=-67862807&sid=de00683c-2b46-4c41-bb1b-ac493608d67c:1  GET https://ecsv2.roblox.com/www/e.png?state=true&evt=authPageload&ctx=accountSwitcherStatus&url=https%3A%2F%2Fwww.roblox.com%2Fusers%2F2911519853%2Ftrade&lt=2026-05-20T12%3A05%3A54.691Z&gid=-67862807&sid=de00683c-2b46-4c41-bb1b-ac493608d67c net::ERR_BLOCKED_BY_CLIENT
Image
sendEventWithTarget @ 0496306d944faeb488779bad1af0738e.js:96
lk @ 38ce3bd52c1b542dd81e38c52eecd03de1499c5bf9c7b463db2e484d87b26d5e-CoreUtilities.js:11
lt @ c2cf51a93e7251a2d6b65b159f449e9b96fbcf2938918f1e24b3c5f9e4bcb05d-Navigation.js:5
(anonymous) @ c2cf51a93e7251a2d6b65b159f449e9b96fbcf2938918f1e24b3c5f9e4bcb05d-Navigation.js:5
ut @ c27f57f4a397dabc2fe3b74fec93c2401913bdf49373f9339c00b6f18b32d2ac.js:19
t.unstable_runWithPriority @ c27f57f4a397dabc2fe3b74fec93c2401913bdf49373f9339c00b6f18b32d2ac.js:47
ot @ c27f57f4a397dabc2fe3b74fec93c2401913bdf49373f9339c00b6f18b32d2ac.js:19
a7 @ c27f57f4a397dabc2fe3b74fec93c2401913bdf49373f9339c00b6f18b32d2ac.js:19
aG @ c27f57f4a397dabc2fe3b74fec93c2401913bdf49373f9339c00b6f18b32d2ac.js:19
(anonymous) @ c27f57f4a397dabc2fe3b74fec93c2401913bdf49373f9339c00b6f18b32d2ac.js:19
t.unstable_runWithPriority @ c27f57f4a397dabc2fe3b74fec93c2401913bdf49373f9339c00b6f18b32d2ac.js:47
ot @ c27f57f4a397dabc2fe3b74fec93c2401913bdf49373f9339c00b6f18b32d2ac.js:19
oo @ c27f57f4a397dabc2fe3b74fec93c2401913bdf49373f9339c00b6f18b32d2ac.js:19
or @ c27f57f4a397dabc2fe3b74fec93c2401913bdf49373f9339c00b6f18b32d2ac.js:19
aZ @ c27f57f4a397dabc2fe3b74fec93c2401913bdf49373f9339c00b6f18b32d2ac.js:19
uk @ c27f57f4a397dabc2fe3b74fec93c2401913bdf49373f9339c00b6f18b32d2ac.js:19
t.render @ c27f57f4a397dabc2fe3b74fec93c2401913bdf49373f9339c00b6f18b32d2ac.js:19
r2 @ 95f8bb82135ec3f4173f3194002ad0d239b3384622912fa4a7e93e506c0ab6e1-ReactUtilities.js:5
(anonymous) @ c2cf51a93e7251a2d6b65b159f449e9b96fbcf2938918f1e24b3c5f9e4bcb05d-Navigation.js:5
r @ de7063d3320bfcbf6356e3b749302f3d52d6024125e3f0e6f3ff5fc37b1dc1e5-Sentry.js:1
injectScript.js:1  GET https://cs.ns1p.net/p.js?a=alpts0 net::ERR_BLOCKED_BY_CLIENT
HTMLElement.appendChild @ injectScript.js:1
x @ trade:295
ecsv2.roblox.com/www/e.png?btn=GuacMigration&ctx=guac_migration&url=https%3A%2F%2Fapis.roblox.com%2Fguac-v2%2Fv1%2Fbundles%2Fchat-ui&latency=598&version=v2&status=success&error=&errordetails=&evt=guac_migration&lt=2026-05-20T12%3A05%3A55.264Z&gid=-67862807&sid=de00683c-2b46-4c41-bb1b-ac493608d67c:1  GET https://ecsv2.roblox.com/www/e.png?btn=GuacMigration&ctx=guac_migration&url=https%3A%2F%2Fapis.roblox.com%2Fguac-v2%2Fv1%2Fbundles%2Fchat-ui&latency=598&version=v2&status=success&error=&errordetails=&evt=guac_migration&lt=2026-05-20T12%3A05%3A55.264Z&gid=-67862807&sid=de00683c-2b46-4c41-bb1b-ac493608d67c net::ERR_BLOCKED_BY_CLIENT
Image
sendEventWithTarget @ 0496306d944faeb488779bad1af0738e.js:96
lk @ 38ce3bd52c1b542dd81e38c52eecd03de1499c5bf9c7b463db2e484d87b26d5e-CoreUtilities.js:11
lG @ 38ce3bd52c1b542dd81e38c52eecd03de1499c5bf9c7b463db2e484d87b26d5e-CoreUtilities.js:11
bs @ 38ce3bd52c1b542dd81e38c52eecd03de1499c5bf9c7b463db2e484d87b26d5e-CoreUtilities.js:11
(anonymous) @ 38ce3bd52c1b542dd81e38c52eecd03de1499c5bf9c7b463db2e484d87b26d5e-CoreUtilities.js:11
(anonymous) @ 38ce3bd52c1b542dd81e38c52eecd03de1499c5bf9c7b463db2e484d87b26d5e-CoreUtilities.js:11
bi @ 38ce3bd52c1b542dd81e38c52eecd03de1499c5bf9c7b463db2e484d87b26d5e-CoreUtilities.js:11
i @ 38ce3bd52c1b542dd81e38c52eecd03de1499c5bf9c7b463db2e484d87b26d5e-CoreUtilities.js:11
Promise.then
bi @ 38ce3bd52c1b542dd81e38c52eecd03de1499c5bf9c7b463db2e484d87b26d5e-CoreUtilities.js:11
i @ 38ce3bd52c1b542dd81e38c52eecd03de1499c5bf9c7b463db2e484d87b26d5e-CoreUtilities.js:11
(anonymous) @ 38ce3bd52c1b542dd81e38c52eecd03de1499c5bf9c7b463db2e484d87b26d5e-CoreUtilities.js:11
(anonymous) @ 38ce3bd52c1b542dd81e38c52eecd03de1499c5bf9c7b463db2e484d87b26d5e-CoreUtilities.js:11
bc @ 38ce3bd52c1b542dd81e38c52eecd03de1499c5bf9c7b463db2e484d87b26d5e-CoreUtilities.js:11
getChatUiPolicies @ d16e9b1f4f874a3b3e643ef395bb41f92589450562b1146e52569c62ff533635-Chat.js:1
(anonymous) @ d16e9b1f4f874a3b3e643ef395bb41f92589450562b1146e52569c62ff533635-Chat.js:1
(anonymous) @ d16e9b1f4f874a3b3e643ef395bb41f92589450562b1146e52569c62ff533635-Chat.js:1
o @ d16e9b1f4f874a3b3e643ef395bb41f92589450562b1146e52569c62ff533635-Chat.js:1
invoke @ 3756ad214dde52cb58a1300177547475.js:48
(anonymous) @ 3756ad214dde52cb58a1300177547475.js:98
n @ 3756ad214dde52cb58a1300177547475.js:73
(anonymous) @ 3756ad214dde52cb58a1300177547475.js:84
(anonymous) @ 3756ad214dde52cb58a1300177547475.js:139
$digest @ 3756ad214dde52cb58a1300177547475.js:150
$apply @ 3756ad214dde52cb58a1300177547475.js:153
(anonymous) @ 3756ad214dde52cb58a1300177547475.js:25
invoke @ 3756ad214dde52cb58a1300177547475.js:48
c @ 3756ad214dde52cb58a1300177547475.js:25
Pc @ 3756ad214dde52cb58a1300177547475.js:26
(anonymous) @ d16e9b1f4f874a3b3e643ef395bb41f92589450562b1146e52569c62ff533635-Chat.js:1
j @ 0496306d944faeb488779bad1af0738e.js:7
fireWith @ 0496306d944faeb488779bad1af0738e.js:7
ready @ 0496306d944faeb488779bad1af0738e.js:7
J @ 0496306d944faeb488779bad1af0738e.js:7
ecsv2.roblox.com/www/e.png?localTimestamp=1779278755378&isChatEnabled=true&isChatOpen=false&evt=webChatRendered&ctx=WebChatEventContext&url=https%3A%2F%2Fwww.roblox.com%2Fusers%2F2911519853%2Ftrade&lt=2026-05-20T12%3A05%3A55.378Z&gid=-67862807&sid=de00683c-2b46-4c41-bb1b-ac493608d67c:1  GET https://ecsv2.roblox.com/www/e.png?localTimestamp=1779278755378&isChatEnabled=true&isChatOpen=false&evt=webChatRendered&ctx=WebChatEventContext&url=https%3A%2F%2Fwww.roblox.com%2Fusers%2F2911519853%2Ftrade&lt=2026-05-20T12%3A05%3A55.378Z&gid=-67862807&sid=de00683c-2b46-4c41-bb1b-ac493608d67c net::ERR_BLOCKED_BY_CLIENT
Image
sendEventWithTarget @ 0496306d944faeb488779bad1af0738e.js:96
c @ d16e9b1f4f874a3b3e643ef395bb41f92589450562b1146e52569c62ff533635-Chat.js:1
(anonymous) @ d16e9b1f4f874a3b3e643ef395bb41f92589450562b1146e52569c62ff533635-Chat.js:1
(anonymous) @ d16e9b1f4f874a3b3e643ef395bb41f92589450562b1146e52569c62ff533635-Chat.js:1
(anonymous) @ d16e9b1f4f874a3b3e643ef395bb41f92589450562b1146e52569c62ff533635-Chat.js:1
Promise.then
(anonymous) @ d16e9b1f4f874a3b3e643ef395bb41f92589450562b1146e52569c62ff533635-Chat.js:1
o @ d16e9b1f4f874a3b3e643ef395bb41f92589450562b1146e52569c62ff533635-Chat.js:1
invoke @ 3756ad214dde52cb58a1300177547475.js:48
(anonymous) @ 3756ad214dde52cb58a1300177547475.js:98
n @ 3756ad214dde52cb58a1300177547475.js:73
(anonymous) @ 3756ad214dde52cb58a1300177547475.js:84
(anonymous) @ 3756ad214dde52cb58a1300177547475.js:139
$digest @ 3756ad214dde52cb58a1300177547475.js:150
$apply @ 3756ad214dde52cb58a1300177547475.js:153
(anonymous) @ 3756ad214dde52cb58a1300177547475.js:25
invoke @ 3756ad214dde52cb58a1300177547475.js:48
c @ 3756ad214dde52cb58a1300177547475.js:25
Pc @ 3756ad214dde52cb58a1300177547475.js:26
(anonymous) @ d16e9b1f4f874a3b3e643ef395bb41f92589450562b1146e52569c62ff533635-Chat.js:1
j @ 0496306d944faeb488779bad1af0738e.js:7
fireWith @ 0496306d944faeb488779bad1af0738e.js:7
ready @ 0496306d944faeb488779bad1af0738e.js:7
J @ 0496306d944faeb488779bad1af0738e.js:7
ecsv2.roblox.com/www/e.png?btn=GuacMigration&ctx=guac_migration&url=https%3A%2F%2Fapis.roblox.com%2Fguac-v2%2Fv1%2Fbundles%2Fnavigation-header-ui&latency=717&version=v2&status=success&error=&errordetails=&evt=guac_migration&lt=2026-05-20T12%3A05%3A55.395Z&gid=-67862807&sid=de00683c-2b46-4c41-bb1b-ac493608d67c:1  GET https://ecsv2.roblox.com/www/e.png?btn=GuacMigration&ctx=guac_migration&url=https%3A%2F%2Fapis.roblox.com%2Fguac-v2%2Fv1%2Fbundles%2Fnavigation-header-ui&latency=717&version=v2&status=success&error=&errordetails=&evt=guac_migration&lt=2026-05-20T12%3A05%3A55.395Z&gid=-67862807&sid=de00683c-2b46-4c41-bb1b-ac493608d67c net::ERR_BLOCKED_BY_CLIENT
Image
sendEventWithTarget @ 0496306d944faeb488779bad1af0738e.js:96
lk @ 38ce3bd52c1b542dd81e38c52eecd03de1499c5bf9c7b463db2e484d87b26d5e-CoreUtilities.js:11
lG @ 38ce3bd52c1b542dd81e38c52eecd03de1499c5bf9c7b463db2e484d87b26d5e-CoreUtilities.js:11
bs @ 38ce3bd52c1b542dd81e38c52eecd03de1499c5bf9c7b463db2e484d87b26d5e-CoreUtilities.js:11
(anonymous) @ 38ce3bd52c1b542dd81e38c52eecd03de1499c5bf9c7b463db2e484d87b26d5e-CoreUtilities.js:11
(anonymous) @ 38ce3bd52c1b542dd81e38c52eecd03de1499c5bf9c7b463db2e484d87b26d5e-CoreUtilities.js:11
bi @ 38ce3bd52c1b542dd81e38c52eecd03de1499c5bf9c7b463db2e484d87b26d5e-CoreUtilities.js:11
i @ 38ce3bd52c1b542dd81e38c52eecd03de1499c5bf9c7b463db2e484d87b26d5e-CoreUtilities.js:11
Promise.then
bi @ 38ce3bd52c1b542dd81e38c52eecd03de1499c5bf9c7b463db2e484d87b26d5e-CoreUtilities.js:11
i @ 38ce3bd52c1b542dd81e38c52eecd03de1499c5bf9c7b463db2e484d87b26d5e-CoreUtilities.js:11
(anonymous) @ 38ce3bd52c1b542dd81e38c52eecd03de1499c5bf9c7b463db2e484d87b26d5e-CoreUtilities.js:11
(anonymous) @ 38ce3bd52c1b542dd81e38c52eecd03de1499c5bf9c7b463db2e484d87b26d5e-CoreUtilities.js:11
bc @ 38ce3bd52c1b542dd81e38c52eecd03de1499c5bf9c7b463db2e484d87b26d5e-CoreUtilities.js:11
H @ c2cf51a93e7251a2d6b65b159f449e9b96fbcf2938918f1e24b3c5f9e4bcb05d-Navigation.js:5
(anonymous) @ c2cf51a93e7251a2d6b65b159f449e9b96fbcf2938918f1e24b3c5f9e4bcb05d-Navigation.js:5
ut @ c27f57f4a397dabc2fe3b74fec93c2401913bdf49373f9339c00b6f18b32d2ac.js:19
t.unstable_runWithPriority @ c27f57f4a397dabc2fe3b74fec93c2401913bdf49373f9339c00b6f18b32d2ac.js:47
ot @ c27f57f4a397dabc2fe3b74fec93c2401913bdf49373f9339c00b6f18b32d2ac.js:19
a7 @ c27f57f4a397dabc2fe3b74fec93c2401913bdf49373f9339c00b6f18b32d2ac.js:19
aG @ c27f57f4a397dabc2fe3b74fec93c2401913bdf49373f9339c00b6f18b32d2ac.js:19
aH @ c27f57f4a397dabc2fe3b74fec93c2401913bdf49373f9339c00b6f18b32d2ac.js:19
uv @ c27f57f4a397dabc2fe3b74fec93c2401913bdf49373f9339c00b6f18b32d2ac.js:19
(anonymous) @ c27f57f4a397dabc2fe3b74fec93c2401913bdf49373f9339c00b6f18b32d2ac.js:19
aZ @ c27f57f4a397dabc2fe3b74fec93c2401913bdf49373f9339c00b6f18b32d2ac.js:19
uk @ c27f57f4a397dabc2fe3b74fec93c2401913bdf49373f9339c00b6f18b32d2ac.js:19
t.render @ c27f57f4a397dabc2fe3b74fec93c2401913bdf49373f9339c00b6f18b32d2ac.js:19
r2 @ 95f8bb82135ec3f4173f3194002ad0d239b3384622912fa4a7e93e506c0ab6e1-ReactUtilities.js:5
(anonymous) @ c2cf51a93e7251a2d6b65b159f449e9b96fbcf2938918f1e24b3c5f9e4bcb05d-Navigation.js:5
r @ de7063d3320bfcbf6356e3b749302f3d52d6024125e3f0e6f3ff5fc37b1dc1e5-Sentry.js:1
ecsv2.roblox.com/www/e.png?btn=GuacMigration&ctx=guac_migration&url=https%3A%2F%2Fapis.roblox.com%2Fguac-v2%2Fv1%2Fbundles%2Fnavigation-header-ui&latency=718&version=v2&status=success&error=&errordetails=&evt=guac_migration&lt=2026-05-20T12%3A05%3A55.397Z&gid=-67862807&sid=de00683c-2b46-4c41-bb1b-ac493608d67c:1  GET https://ecsv2.roblox.com/www/e.png?btn=GuacMigration&ctx=guac_migration&url=https%3A%2F%2Fapis.roblox.com%2Fguac-v2%2Fv1%2Fbundles%2Fnavigation-header-ui&latency=718&version=v2&status=success&error=&errordetails=&evt=guac_migration&lt=2026-05-20T12%3A05%3A55.397Z&gid=-67862807&sid=de00683c-2b46-4c41-bb1b-ac493608d67c net::ERR_BLOCKED_BY_CLIENT
Image
sendEventWithTarget @ 0496306d944faeb488779bad1af0738e.js:96
lk @ 38ce3bd52c1b542dd81e38c52eecd03de1499c5bf9c7b463db2e484d87b26d5e-CoreUtilities.js:11
lG @ 38ce3bd52c1b542dd81e38c52eecd03de1499c5bf9c7b463db2e484d87b26d5e-CoreUtilities.js:11
bs @ 38ce3bd52c1b542dd81e38c52eecd03de1499c5bf9c7b463db2e484d87b26d5e-CoreUtilities.js:11
(anonymous) @ 38ce3bd52c1b542dd81e38c52eecd03de1499c5bf9c7b463db2e484d87b26d5e-CoreUtilities.js:11
(anonymous) @ 38ce3bd52c1b542dd81e38c52eecd03de1499c5bf9c7b463db2e484d87b26d5e-CoreUtilities.js:11
bi @ 38ce3bd52c1b542dd81e38c52eecd03de1499c5bf9c7b463db2e484d87b26d5e-CoreUtilities.js:11
i @ 38ce3bd52c1b542dd81e38c52eecd03de1499c5bf9c7b463db2e484d87b26d5e-CoreUtilities.js:11
Promise.then
bi @ 38ce3bd52c1b542dd81e38c52eecd03de1499c5bf9c7b463db2e484d87b26d5e-CoreUtilities.js:11
i @ 38ce3bd52c1b542dd81e38c52eecd03de1499c5bf9c7b463db2e484d87b26d5e-CoreUtilities.js:11
(anonymous) @ 38ce3bd52c1b542dd81e38c52eecd03de1499c5bf9c7b463db2e484d87b26d5e-CoreUtilities.js:11
(anonymous) @ 38ce3bd52c1b542dd81e38c52eecd03de1499c5bf9c7b463db2e484d87b26d5e-CoreUtilities.js:11
bc @ 38ce3bd52c1b542dd81e38c52eecd03de1499c5bf9c7b463db2e484d87b26d5e-CoreUtilities.js:11
H @ c2cf51a93e7251a2d6b65b159f449e9b96fbcf2938918f1e24b3c5f9e4bcb05d-Navigation.js:5
(anonymous) @ c2cf51a93e7251a2d6b65b159f449e9b96fbcf2938918f1e24b3c5f9e4bcb05d-Navigation.js:5
ut @ c27f57f4a397dabc2fe3b74fec93c2401913bdf49373f9339c00b6f18b32d2ac.js:19
t.unstable_runWithPriority @ c27f57f4a397dabc2fe3b74fec93c2401913bdf49373f9339c00b6f18b32d2ac.js:47
ot @ c27f57f4a397dabc2fe3b74fec93c2401913bdf49373f9339c00b6f18b32d2ac.js:19
a7 @ c27f57f4a397dabc2fe3b74fec93c2401913bdf49373f9339c00b6f18b32d2ac.js:19
aG @ c27f57f4a397dabc2fe3b74fec93c2401913bdf49373f9339c00b6f18b32d2ac.js:19
aH @ c27f57f4a397dabc2fe3b74fec93c2401913bdf49373f9339c00b6f18b32d2ac.js:19
uv @ c27f57f4a397dabc2fe3b74fec93c2401913bdf49373f9339c00b6f18b32d2ac.js:19
(anonymous) @ c27f57f4a397dabc2fe3b74fec93c2401913bdf49373f9339c00b6f18b32d2ac.js:19
aZ @ c27f57f4a397dabc2fe3b74fec93c2401913bdf49373f9339c00b6f18b32d2ac.js:19
uk @ c27f57f4a397dabc2fe3b74fec93c2401913bdf49373f9339c00b6f18b32d2ac.js:19
t.render @ c27f57f4a397dabc2fe3b74fec93c2401913bdf49373f9339c00b6f18b32d2ac.js:19
r2 @ 95f8bb82135ec3f4173f3194002ad0d239b3384622912fa4a7e93e506c0ab6e1-ReactUtilities.js:5
(anonymous) @ c2cf51a93e7251a2d6b65b159f449e9b96fbcf2938918f1e24b3c5f9e4bcb05d-Navigation.js:5
r @ de7063d3320bfcbf6356e3b749302f3d52d6024125e3f0e6f3ff5fc37b1dc1e5-Sentry.js:1
trades-list.js:105  POST https://metrics.roblox.com/v1/games/report-event?name=WebChatRenderedWeb net::ERR_BLOCKED_BY_CLIENT
tisTradesListXhrSend @ trades-list.js:105
e.send @ injectScriptAdjust.js:1
(anonymous) @ de7063d3320bfcbf6356e3b749302f3d52d6024125e3f0e6f3ff5fc37b1dc1e5-Sentry.js:1
apply @ de7063d3320bfcbf6356e3b749302f3d52d6024125e3f0e6f3ff5fc37b1dc1e5-Sentry.js:1
(anonymous) @ 38ce3bd52c1b542dd81e38c52eecd03de1499c5bf9c7b463db2e484d87b26d5e-CoreUtilities.js:11
Promise.finally
(anonymous) @ 38ce3bd52c1b542dd81e38c52eecd03de1499c5bf9c7b463db2e484d87b26d5e-CoreUtilities.js:11
send @ 0496306d944faeb488779bad1af0738e.js:16
ajax @ 0496306d944faeb488779bad1af0738e.js:16
(anonymous) @ 098e80c8e9f4dad5295663f4a79f9a64.js:6
each @ 0496306d944faeb488779bad1af0738e.js:7
self.fireEvent @ 098e80c8e9f4dad5295663f4a79f9a64.js:6
l @ d16e9b1f4f874a3b3e643ef395bb41f92589450562b1146e52569c62ff533635-Chat.js:1
(anonymous) @ d16e9b1f4f874a3b3e643ef395bb41f92589450562b1146e52569c62ff533635-Chat.js:1
(anonymous) @ d16e9b1f4f874a3b3e643ef395bb41f92589450562b1146e52569c62ff533635-Chat.js:1
(anonymous) @ d16e9b1f4f874a3b3e643ef395bb41f92589450562b1146e52569c62ff533635-Chat.js:1
Promise.then
(anonymous) @ d16e9b1f4f874a3b3e643ef395bb41f92589450562b1146e52569c62ff533635-Chat.js:1
o @ d16e9b1f4f874a3b3e643ef395bb41f92589450562b1146e52569c62ff533635-Chat.js:1
invoke @ 3756ad214dde52cb58a1300177547475.js:48
(anonymous) @ 3756ad214dde52cb58a1300177547475.js:98
n @ 3756ad214dde52cb58a1300177547475.js:73
(anonymous) @ 3756ad214dde52cb58a1300177547475.js:84
(anonymous) @ 3756ad214dde52cb58a1300177547475.js:139
$digest @ 3756ad214dde52cb58a1300177547475.js:150
$apply @ 3756ad214dde52cb58a1300177547475.js:153
(anonymous) @ 3756ad214dde52cb58a1300177547475.js:25
invoke @ 3756ad214dde52cb58a1300177547475.js:48
c @ 3756ad214dde52cb58a1300177547475.js:25
Pc @ 3756ad214dde52cb58a1300177547475.js:26
(anonymous) @ d16e9b1f4f874a3b3e643ef395bb41f92589450562b1146e52569c62ff533635-Chat.js:1
j @ 0496306d944faeb488779bad1af0738e.js:7
fireWith @ 0496306d944faeb488779bad1af0738e.js:7
ready @ 0496306d944faeb488779bad1af0738e.js:7
J @ 0496306d944faeb488779bad1af0738e.js:7
ecsv2.roblox.com/www/e.png?btn=GuacMigration&ctx=guac_migration&url=https%3A%2F%2Fapis.roblox.com%2Fguac-v2%2Fv1%2Fbundles%2Fweb-plus-identity-badge&latency=896&version=v2&status=success&error=&errordetails=&evt=guac_migration&lt=2026-05-20T12%3A05%3A55.586Z&gid=-67862807&sid=de00683c-2b46-4c41-bb1b-ac493608d67c:1  GET https://ecsv2.roblox.com/www/e.png?btn=GuacMigration&ctx=guac_migration&url=https%3A%2F%2Fapis.roblox.com%2Fguac-v2%2Fv1%2Fbundles%2Fweb-plus-identity-badge&latency=896&version=v2&status=success&error=&errordetails=&evt=guac_migration&lt=2026-05-20T12%3A05%3A55.586Z&gid=-67862807&sid=de00683c-2b46-4c41-bb1b-ac493608d67c net::ERR_BLOCKED_BY_CLIENT
Image
sendEventWithTarget @ 0496306d944faeb488779bad1af0738e.js:96
lk @ 38ce3bd52c1b542dd81e38c52eecd03de1499c5bf9c7b463db2e484d87b26d5e-CoreUtilities.js:11
lG @ 38ce3bd52c1b542dd81e38c52eecd03de1499c5bf9c7b463db2e484d87b26d5e-CoreUtilities.js:11
bs @ 38ce3bd52c1b542dd81e38c52eecd03de1499c5bf9c7b463db2e484d87b26d5e-CoreUtilities.js:11
(anonymous) @ 38ce3bd52c1b542dd81e38c52eecd03de1499c5bf9c7b463db2e484d87b26d5e-CoreUtilities.js:11
(anonymous) @ 38ce3bd52c1b542dd81e38c52eecd03de1499c5bf9c7b463db2e484d87b26d5e-CoreUtilities.js:11
bi @ 38ce3bd52c1b542dd81e38c52eecd03de1499c5bf9c7b463db2e484d87b26d5e-CoreUtilities.js:11
i @ 38ce3bd52c1b542dd81e38c52eecd03de1499c5bf9c7b463db2e484d87b26d5e-CoreUtilities.js:11
Promise.then
bi @ 38ce3bd52c1b542dd81e38c52eecd03de1499c5bf9c7b463db2e484d87b26d5e-CoreUtilities.js:11
i @ 38ce3bd52c1b542dd81e38c52eecd03de1499c5bf9c7b463db2e484d87b26d5e-CoreUtilities.js:11
(anonymous) @ 38ce3bd52c1b542dd81e38c52eecd03de1499c5bf9c7b463db2e484d87b26d5e-CoreUtilities.js:11
(anonymous) @ 38ce3bd52c1b542dd81e38c52eecd03de1499c5bf9c7b463db2e484d87b26d5e-CoreUtilities.js:11
bc @ 38ce3bd52c1b542dd81e38c52eecd03de1499c5bf9c7b463db2e484d87b26d5e-CoreUtilities.js:11
queryFn @ c2cf51a93e7251a2d6b65b159f449e9b96fbcf2938918f1e24b3c5f9e4bcb05d-Navigation.js:5
fetchFn @ c27f57f4a397dabc2fe3b74fec93c2401913bdf49373f9339c00b6f18b32d2ac.js:55
d @ c27f57f4a397dabc2fe3b74fec93c2401913bdf49373f9339c00b6f18b32d2ac.js:55
na @ c27f57f4a397dabc2fe3b74fec93c2401913bdf49373f9339c00b6f18b32d2ac.js:55
value @ c27f57f4a397dabc2fe3b74fec93c2401913bdf49373f9339c00b6f18b32d2ac.js:55
value @ c27f57f4a397dabc2fe3b74fec93c2401913bdf49373f9339c00b6f18b32d2ac.js:55
value @ c27f57f4a397dabc2fe3b74fec93c2401913bdf49373f9339c00b6f18b32d2ac.js:55
value @ c27f57f4a397dabc2fe3b74fec93c2401913bdf49373f9339c00b6f18b32d2ac.js:55
(anonymous) @ c27f57f4a397dabc2fe3b74fec93c2401913bdf49373f9339c00b6f18b32d2ac.js:55
(anonymous) @ c27f57f4a397dabc2fe3b74fec93c2401913bdf49373f9339c00b6f18b32d2ac.js:55
ut @ c27f57f4a397dabc2fe3b74fec93c2401913bdf49373f9339c00b6f18b32d2ac.js:19
t.unstable_runWithPriority @ c27f57f4a397dabc2fe3b74fec93c2401913bdf49373f9339c00b6f18b32d2ac.js:47
ot @ c27f57f4a397dabc2fe3b74fec93c2401913bdf49373f9339c00b6f18b32d2ac.js:19
a7 @ c27f57f4a397dabc2fe3b74fec93c2401913bdf49373f9339c00b6f18b32d2ac.js:19
aG @ c27f57f4a397dabc2fe3b74fec93c2401913bdf49373f9339c00b6f18b32d2ac.js:19
(anonymous) @ c27f57f4a397dabc2fe3b74fec93c2401913bdf49373f9339c00b6f18b32d2ac.js:19
t.unstable_runWithPriority @ c27f57f4a397dabc2fe3b74fec93c2401913bdf49373f9339c00b6f18b32d2ac.js:47
ot @ c27f57f4a397dabc2fe3b74fec93c2401913bdf49373f9339c00b6f18b32d2ac.js:19
oo @ c27f57f4a397dabc2fe3b74fec93c2401913bdf49373f9339c00b6f18b32d2ac.js:19
or @ c27f57f4a397dabc2fe3b74fec93c2401913bdf49373f9339c00b6f18b32d2ac.js:19
aZ @ c27f57f4a397dabc2fe3b74fec93c2401913bdf49373f9339c00b6f18b32d2ac.js:19
uk @ c27f57f4a397dabc2fe3b74fec93c2401913bdf49373f9339c00b6f18b32d2ac.js:19
t.render @ c27f57f4a397dabc2fe3b74fec93c2401913bdf49373f9339c00b6f18b32d2ac.js:19
r2 @ 95f8bb82135ec3f4173f3194002ad0d239b3384622912fa4a7e93e506c0ab6e1-ReactUtilities.js:5
(anonymous) @ c2cf51a93e7251a2d6b65b159f449e9b96fbcf2938918f1e24b3c5f9e4bcb05d-Navigation.js:5
r @ de7063d3320bfcbf6356e3b749302f3d52d6024125e3f0e6f3ff5fc37b1dc1e5-Sentry.js:1
ecsv2.roblox.com/www/e.png?count=21&sendrVersion=0&evt=nsOpenCTAShown&ctx=seen&url=https%3A%2F%2Fwww.roblox.com%2Fusers%2F2911519853%2Ftrade&lt=2026-05-20T12%3A05%3A55.593Z&gid=-67862807&sid=de00683c-2b46-4c41-bb1b-ac493608d67c:1  GET https://ecsv2.roblox.com/www/e.png?count=21&sendrVersion=0&evt=nsOpenCTAShown&ctx=seen&url=https%3A%2F%2Fwww.roblox.com%2Fusers%2F2911519853%2Ftrade&lt=2026-05-20T12%3A05%3A55.593Z&gid=-67862807&sid=de00683c-2b46-4c41-bb1b-ac493608d67c net::ERR_BLOCKED_BY_CLIENT
Image
sendEventWithTarget @ 0496306d944faeb488779bad1af0738e.js:96
sendEventWithTarget @ 7186c09cc12cb47a4b6c2ee1fc627e4980305f0fb38e08f59151a1d07e622587.js:1
(anonymous) @ de4790c5599f6b339f29fb10ab25da2c9c9d3e66dca14d141572e3764b567687-NotificationStream.js:1
(anonymous) @ 3756ad214dde52cb58a1300177547475.js:139
$digest @ 3756ad214dde52cb58a1300177547475.js:150
$apply @ 3756ad214dde52cb58a1300177547475.js:153
l @ 3756ad214dde52cb58a1300177547475.js:106
(anonymous) @ 3756ad214dde52cb58a1300177547475.js:111
r @ de7063d3320bfcbf6356e3b749302f3d52d6024125e3f0e6f3ff5fc37b1dc1e5-Sentry.js:1
XMLHttpRequest.send
tisTradesListXhrSend @ trades-list.js:105
e.send @ injectScriptAdjust.js:1
(anonymous) @ de7063d3320bfcbf6356e3b749302f3d52d6024125e3f0e6f3ff5fc37b1dc1e5-Sentry.js:1
apply @ de7063d3320bfcbf6356e3b749302f3d52d6024125e3f0e6f3ff5fc37b1dc1e5-Sentry.js:1
(anonymous) @ 3756ad214dde52cb58a1300177547475.js:112
q @ 3756ad214dde52cb58a1300177547475.js:107
(anonymous) @ 3756ad214dde52cb58a1300177547475.js:105
(anonymous) @ 3756ad214dde52cb58a1300177547475.js:139
$digest @ 3756ad214dde52cb58a1300177547475.js:150
(anonymous) @ 3756ad214dde52cb58a1300177547475.js:153
e @ 3756ad214dde52cb58a1300177547475.js:52
(anonymous) @ 3756ad214dde52cb58a1300177547475.js:55
r @ de7063d3320bfcbf6356e3b749302f3d52d6024125e3f0e6f3ff5fc37b1dc1e5-Sentry.js:1
setTimeout
(anonymous) @ de7063d3320bfcbf6356e3b749302f3d52d6024125e3f0e6f3ff5fc37b1dc1e5-Sentry.js:1
(anonymous) @ 3756ad214dde52cb58a1300177547475.js:55
$evalAsync @ 3756ad214dde52cb58a1300177547475.js:153
(anonymous) @ 3756ad214dde52cb58a1300177547475.js:137
h @ 3756ad214dde52cb58a1300177547475.js:139
l @ 3756ad214dde52cb58a1300177547475.js:140
c @ 3756ad214dde52cb58a1300177547475.js:139
Promise.then
l @ 3756ad214dde52cb58a1300177547475.js:140
k @ 3756ad214dde52cb58a1300177547475.js:139
(anonymous) @ 3756ad214dde52cb58a1300177547475.js:139
$digest @ 3756ad214dde52cb58a1300177547475.js:150
$apply @ 3756ad214dde52cb58a1300177547475.js:153
(anonymous) @ 3756ad214dde52cb58a1300177547475.js:25
invoke @ 3756ad214dde52cb58a1300177547475.js:48
c @ 3756ad214dde52cb58a1300177547475.js:25
Pc @ 3756ad214dde52cb58a1300177547475.js:26
value @ c2cf51a93e7251a2d6b65b159f449e9b96fbcf2938918f1e24b3c5f9e4bcb05d-Navigation.js:5
(anonymous) @ c27f57f4a397dabc2fe3b74fec93c2401913bdf49373f9339c00b6f18b32d2ac.js:19
a5 @ c27f57f4a397dabc2fe3b74fec93c2401913bdf49373f9339c00b6f18b32d2ac.js:19
t.unstable_runWithPriority @ c27f57f4a397dabc2fe3b74fec93c2401913bdf49373f9339c00b6f18b32d2ac.js:47
ot @ c27f57f4a397dabc2fe3b74fec93c2401913bdf49373f9339c00b6f18b32d2ac.js:19
a8 @ c27f57f4a397dabc2fe3b74fec93c2401913bdf49373f9339c00b6f18b32d2ac.js:19
aG @ c27f57f4a397dabc2fe3b74fec93c2401913bdf49373f9339c00b6f18b32d2ac.js:19
aH @ c27f57f4a397dabc2fe3b74fec93c2401913bdf49373f9339c00b6f18b32d2ac.js:19
uv @ c27f57f4a397dabc2fe3b74fec93c2401913bdf49373f9339c00b6f18b32d2ac.js:19
(anonymous) @ c27f57f4a397dabc2fe3b74fec93c2401913bdf49373f9339c00b6f18b32d2ac.js:19
aZ @ c27f57f4a397dabc2fe3b74fec93c2401913bdf49373f9339c00b6f18b32d2ac.js:19
uk @ c27f57f4a397dabc2fe3b74fec93c2401913bdf49373f9339c00b6f18b32d2ac.js:19
t.render @ c27f57f4a397dabc2fe3b74fec93c2401913bdf49373f9339c00b6f18b32d2ac.js:19
r2 @ 95f8bb82135ec3f4173f3194002ad0d239b3384622912fa4a7e93e506c0ab6e1-ReactUtilities.js:5
(anonymous) @ c2cf51a93e7251a2d6b65b159f449e9b96fbcf2938918f1e24b3c5f9e4bcb05d-Navigation.js:5
r @ de7063d3320bfcbf6356e3b749302f3d52d6024125e3f0e6f3ff5fc37b1dc1e5-Sentry.js:1
ecsv2.roblox.com/www/e.png?btn=GuacMigration&ctx=guac_migration&url=https%3A%2F%2Fapis.roblox.com%2Fguac-v2%2Fv1%2Fbundles%2Fnavigation-header-ui&latency=948&version=v2&status=success&error=&errordetails=&evt=guac_migration&lt=2026-05-20T12%3A05%3A55.641Z&gid=-67862807&sid=de00683c-2b46-4c41-bb1b-ac493608d67c:1  GET https://ecsv2.roblox.com/www/e.png?btn=GuacMigration&ctx=guac_migration&url=https%3A%2F%2Fapis.roblox.com%2Fguac-v2%2Fv1%2Fbundles%2Fnavigation-header-ui&latency=948&version=v2&status=success&error=&errordetails=&evt=guac_migration&lt=2026-05-20T12%3A05%3A55.641Z&gid=-67862807&sid=de00683c-2b46-4c41-bb1b-ac493608d67c net::ERR_BLOCKED_BY_CLIENT
Image
sendEventWithTarget @ 0496306d944faeb488779bad1af0738e.js:96
lk @ 38ce3bd52c1b542dd81e38c52eecd03de1499c5bf9c7b463db2e484d87b26d5e-CoreUtilities.js:11
lG @ 38ce3bd52c1b542dd81e38c52eecd03de1499c5bf9c7b463db2e484d87b26d5e-CoreUtilities.js:11
bs @ 38ce3bd52c1b542dd81e38c52eecd03de1499c5bf9c7b463db2e484d87b26d5e-CoreUtilities.js:11
(anonymous) @ 38ce3bd52c1b542dd81e38c52eecd03de1499c5bf9c7b463db2e484d87b26d5e-CoreUtilities.js:11
(anonymous) @ 38ce3bd52c1b542dd81e38c52eecd03de1499c5bf9c7b463db2e484d87b26d5e-CoreUtilities.js:11
bi @ 38ce3bd52c1b542dd81e38c52eecd03de1499c5bf9c7b463db2e484d87b26d5e-CoreUtilities.js:11
i @ 38ce3bd52c1b542dd81e38c52eecd03de1499c5bf9c7b463db2e484d87b26d5e-CoreUtilities.js:11
Promise.then
bi @ 38ce3bd52c1b542dd81e38c52eecd03de1499c5bf9c7b463db2e484d87b26d5e-CoreUtilities.js:11
i @ 38ce3bd52c1b542dd81e38c52eecd03de1499c5bf9c7b463db2e484d87b26d5e-CoreUtilities.js:11
(anonymous) @ 38ce3bd52c1b542dd81e38c52eecd03de1499c5bf9c7b463db2e484d87b26d5e-CoreUtilities.js:11
(anonymous) @ 38ce3bd52c1b542dd81e38c52eecd03de1499c5bf9c7b463db2e484d87b26d5e-CoreUtilities.js:11
bc @ 38ce3bd52c1b542dd81e38c52eecd03de1499c5bf9c7b463db2e484d87b26d5e-CoreUtilities.js:11
H @ c2cf51a93e7251a2d6b65b159f449e9b96fbcf2938918f1e24b3c5f9e4bcb05d-Navigation.js:5
Q @ c2cf51a93e7251a2d6b65b159f449e9b96fbcf2938918f1e24b3c5f9e4bcb05d-Navigation.js:5
(anonymous) @ c2cf51a93e7251a2d6b65b159f449e9b96fbcf2938918f1e24b3c5f9e4bcb05d-Navigation.js:5
ut @ c27f57f4a397dabc2fe3b74fec93c2401913bdf49373f9339c00b6f18b32d2ac.js:19
t.unstable_runWithPriority @ c27f57f4a397dabc2fe3b74fec93c2401913bdf49373f9339c00b6f18b32d2ac.js:47
ot @ c27f57f4a397dabc2fe3b74fec93c2401913bdf49373f9339c00b6f18b32d2ac.js:19
a7 @ c27f57f4a397dabc2fe3b74fec93c2401913bdf49373f9339c00b6f18b32d2ac.js:19
aG @ c27f57f4a397dabc2fe3b74fec93c2401913bdf49373f9339c00b6f18b32d2ac.js:19
(anonymous) @ c27f57f4a397dabc2fe3b74fec93c2401913bdf49373f9339c00b6f18b32d2ac.js:19
t.unstable_runWithPriority @ c27f57f4a397dabc2fe3b74fec93c2401913bdf49373f9339c00b6f18b32d2ac.js:47
ot @ c27f57f4a397dabc2fe3b74fec93c2401913bdf49373f9339c00b6f18b32d2ac.js:19
oo @ c27f57f4a397dabc2fe3b74fec93c2401913bdf49373f9339c00b6f18b32d2ac.js:19
or @ c27f57f4a397dabc2fe3b74fec93c2401913bdf49373f9339c00b6f18b32d2ac.js:19
aZ @ c27f57f4a397dabc2fe3b74fec93c2401913bdf49373f9339c00b6f18b32d2ac.js:19
uk @ c27f57f4a397dabc2fe3b74fec93c2401913bdf49373f9339c00b6f18b32d2ac.js:19
t.render @ c27f57f4a397dabc2fe3b74fec93c2401913bdf49373f9339c00b6f18b32d2ac.js:19
r2 @ 95f8bb82135ec3f4173f3194002ad0d239b3384622912fa4a7e93e506c0ab6e1-ReactUtilities.js:5
(anonymous) @ c2cf51a93e7251a2d6b65b159f449e9b96fbcf2938918f1e24b3c5f9e4bcb05d-Navigation.js:5
r @ de7063d3320bfcbf6356e3b749302f3d52d6024125e3f0e6f3ff5fc37b1dc1e5-Sentry.js:1
de7063d3320bfcbf6356e3b749302f3d52d6024125e3f0e6f3ff5fc37b1dc1e5-Sentry.js:1 [tis-injected] rolimons player details failed for their: Failed to fetch
(anonymous) @ de7063d3320bfcbf6356e3b749302f3d52d6024125e3f0e6f3ff5fc37b1dc1e5-Sentry.js:1
noteRolimonsPlayerDetailsError @ trade-composer.js:872
(anonymous) @ trade-composer.js:2652
Promise.catch
(anonymous) @ trade-composer.js:2651
initOnceReady @ trade-composer.js:2636
(anonymous) @ trade-composer.js:2733
await in (anonymous)
(anonymous) @ trade-composer.js:2736
(anonymous) @ trade-composer.js:2742
de7063d3320bfcbf6356e3b749302f3d52d6024125e3f0e6f3ff5fc37b1dc1e5-Sentry.js:1 [tis-injected] rolimons player details failed for mine: Failed to fetch
(anonymous) @ de7063d3320bfcbf6356e3b749302f3d52d6024125e3f0e6f3ff5fc37b1dc1e5-Sentry.js:1
noteRolimonsPlayerDetailsError @ trade-composer.js:872
(anonymous) @ trade-composer.js:2652
Promise.catch
(anonymous) @ trade-composer.js:2651
initOnceReady @ trade-composer.js:2636
(anonymous) @ trade-composer.js:2733
await in (anonymous)
(anonymous) @ trade-composer.js:2736
(anonymous) @ trade-composer.js:2742
ecsv2.roblox.com/www/e.png?btn=GuacMigration&ctx=guac_migration&url=https%3A%2F%2Fapis.roblox.com%2Fguac-v2%2Fv1%2Fbundles%2Fcookie-policy&latency=1658&version=v2&status=success&error=&errordetails=&evt=guac_migration&lt=2026-05-20T12%3A05%3A56.362Z&gid=-67862807&sid=de00683c-2b46-4c41-bb1b-ac493608d67c:1  GET https://ecsv2.roblox.com/www/e.png?btn=GuacMigration&ctx=guac_migration&url=https%3A%2F%2Fapis.roblox.com%2Fguac-v2%2Fv1%2Fbundles%2Fcookie-policy&latency=1658&version=v2&status=success&error=&errordetails=&evt=guac_migration&lt=2026-05-20T12%3A05%3A56.362Z&gid=-67862807&sid=de00683c-2b46-4c41-bb1b-ac493608d67c net::ERR_BLOCKED_BY_CLIENT
Image
sendEventWithTarget @ 0496306d944faeb488779bad1af0738e.js:96
lk @ 38ce3bd52c1b542dd81e38c52eecd03de1499c5bf9c7b463db2e484d87b26d5e-CoreUtilities.js:11
lG @ 38ce3bd52c1b542dd81e38c52eecd03de1499c5bf9c7b463db2e484d87b26d5e-CoreUtilities.js:11
bs @ 38ce3bd52c1b542dd81e38c52eecd03de1499c5bf9c7b463db2e484d87b26d5e-CoreUtilities.js:11
(anonymous) @ 38ce3bd52c1b542dd81e38c52eecd03de1499c5bf9c7b463db2e484d87b26d5e-CoreUtilities.js:11
(anonymous) @ 38ce3bd52c1b542dd81e38c52eecd03de1499c5bf9c7b463db2e484d87b26d5e-CoreUtilities.js:11
bi @ 38ce3bd52c1b542dd81e38c52eecd03de1499c5bf9c7b463db2e484d87b26d5e-CoreUtilities.js:11
i @ 38ce3bd52c1b542dd81e38c52eecd03de1499c5bf9c7b463db2e484d87b26d5e-CoreUtilities.js:11
Promise.then
bi @ 38ce3bd52c1b542dd81e38c52eecd03de1499c5bf9c7b463db2e484d87b26d5e-CoreUtilities.js:11
i @ 38ce3bd52c1b542dd81e38c52eecd03de1499c5bf9c7b463db2e484d87b26d5e-CoreUtilities.js:11
(anonymous) @ 38ce3bd52c1b542dd81e38c52eecd03de1499c5bf9c7b463db2e484d87b26d5e-CoreUtilities.js:11
(anonymous) @ 38ce3bd52c1b542dd81e38c52eecd03de1499c5bf9c7b463db2e484d87b26d5e-CoreUtilities.js:11
bc @ 38ce3bd52c1b542dd81e38c52eecd03de1499c5bf9c7b463db2e484d87b26d5e-CoreUtilities.js:11
(anonymous) @ d0e52d0d965be24069cbad066cb9cb59db4b77f59ca5353c47b8b31ab4f07082-Footer.js:5
(anonymous) @ d0e52d0d965be24069cbad066cb9cb59db4b77f59ca5353c47b8b31ab4f07082-Footer.js:5
eT @ d0e52d0d965be24069cbad066cb9cb59db4b77f59ca5353c47b8b31ab4f07082-Footer.js:5
l @ d0e52d0d965be24069cbad066cb9cb59db4b77f59ca5353c47b8b31ab4f07082-Footer.js:5
(anonymous) @ d0e52d0d965be24069cbad066cb9cb59db4b77f59ca5353c47b8b31ab4f07082-Footer.js:5
(anonymous) @ d0e52d0d965be24069cbad066cb9cb59db4b77f59ca5353c47b8b31ab4f07082-Footer.js:5
eM @ d0e52d0d965be24069cbad066cb9cb59db4b77f59ca5353c47b8b31ab4f07082-Footer.js:5
(anonymous) @ d0e52d0d965be24069cbad066cb9cb59db4b77f59ca5353c47b8b31ab4f07082-Footer.js:5
(anonymous) @ d0e52d0d965be24069cbad066cb9cb59db4b77f59ca5353c47b8b31ab4f07082-Footer.js:5
eF @ d0e52d0d965be24069cbad066cb9cb59db4b77f59ca5353c47b8b31ab4f07082-Footer.js:5
l @ d0e52d0d965be24069cbad066cb9cb59db4b77f59ca5353c47b8b31ab4f07082-Footer.js:5
(anonymous) @ d0e52d0d965be24069cbad066cb9cb59db4b77f59ca5353c47b8b31ab4f07082-Footer.js:5
(anonymous) @ d0e52d0d965be24069cbad066cb9cb59db4b77f59ca5353c47b8b31ab4f07082-Footer.js:5
(anonymous) @ d0e52d0d965be24069cbad066cb9cb59db4b77f59ca5353c47b8b31ab4f07082-Footer.js:5
ut @ c27f57f4a397dabc2fe3b74fec93c2401913bdf49373f9339c00b6f18b32d2ac.js:19
t.unstable_runWithPriority @ c27f57f4a397dabc2fe3b74fec93c2401913bdf49373f9339c00b6f18b32d2ac.js:47
ot @ c27f57f4a397dabc2fe3b74fec93c2401913bdf49373f9339c00b6f18b32d2ac.js:19
a7 @ c27f57f4a397dabc2fe3b74fec93c2401913bdf49373f9339c00b6f18b32d2ac.js:19
aG @ c27f57f4a397dabc2fe3b74fec93c2401913bdf49373f9339c00b6f18b32d2ac.js:19
(anonymous) @ c27f57f4a397dabc2fe3b74fec93c2401913bdf49373f9339c00b6f18b32d2ac.js:19
t.unstable_runWithPriority @ c27f57f4a397dabc2fe3b74fec93c2401913bdf49373f9339c00b6f18b32d2ac.js:47
ot @ c27f57f4a397dabc2fe3b74fec93c2401913bdf49373f9339c00b6f18b32d2ac.js:19
oo @ c27f57f4a397dabc2fe3b74fec93c2401913bdf49373f9339c00b6f18b32d2ac.js:19
or @ c27f57f4a397dabc2fe3b74fec93c2401913bdf49373f9339c00b6f18b32d2ac.js:19
aZ @ c27f57f4a397dabc2fe3b74fec93c2401913bdf49373f9339c00b6f18b32d2ac.js:19
uk @ c27f57f4a397dabc2fe3b74fec93c2401913bdf49373f9339c00b6f18b32d2ac.js:19
t.render @ c27f57f4a397dabc2fe3b74fec93c2401913bdf49373f9339c00b6f18b32d2ac.js:19
r2 @ 95f8bb82135ec3f4173f3194002ad0d239b3384622912fa4a7e93e506c0ab6e1-ReactUtilities.js:5
(anonymous) @ d0e52d0d965be24069cbad066cb9cb59db4b77f59ca5353c47b8b31ab4f07082-Footer.js:5
r @ de7063d3320bfcbf6356e3b749302f3d52d6024125e3f0e6f3ff5fc37b1dc1e5-Sentry.js:1
ecsv2.roblox.com/www/e.png?btn=GuacMigration&ctx=guac_migration&url=https%3A%2F%2Fapis.roblox.com%2Fguac-v2%2Fv1%2Fbundles%2Ffooter-ui&latency=1700&version=v2&status=success&error=&errordetails=&evt=guac_migration&lt=2026-05-20T12%3A05%3A56.404Z&gid=-67862807&sid=de00683c-2b46-4c41-bb1b-ac493608d67c:1  GET https://ecsv2.roblox.com/www/e.png?btn=GuacMigration&ctx=guac_migration&url=https%3A%2F%2Fapis.roblox.com%2Fguac-v2%2Fv1%2Fbundles%2Ffooter-ui&latency=1700&version=v2&status=success&error=&errordetails=&evt=guac_migration&lt=2026-05-20T12%3A05%3A56.404Z&gid=-67862807&sid=de00683c-2b46-4c41-bb1b-ac493608d67c net::ERR_BLOCKED_BY_CLIENT
Image
sendEventWithTarget @ 0496306d944faeb488779bad1af0738e.js:96
lk @ 38ce3bd52c1b542dd81e38c52eecd03de1499c5bf9c7b463db2e484d87b26d5e-CoreUtilities.js:11
lG @ 38ce3bd52c1b542dd81e38c52eecd03de1499c5bf9c7b463db2e484d87b26d5e-CoreUtilities.js:11
bs @ 38ce3bd52c1b542dd81e38c52eecd03de1499c5bf9c7b463db2e484d87b26d5e-CoreUtilities.js:11
(anonymous) @ 38ce3bd52c1b542dd81e38c52eecd03de1499c5bf9c7b463db2e484d87b26d5e-CoreUtilities.js:11
(anonymous) @ 38ce3bd52c1b542dd81e38c52eecd03de1499c5bf9c7b463db2e484d87b26d5e-CoreUtilities.js:11
bi @ 38ce3bd52c1b542dd81e38c52eecd03de1499c5bf9c7b463db2e484d87b26d5e-CoreUtilities.js:11
i @ 38ce3bd52c1b542dd81e38c52eecd03de1499c5bf9c7b463db2e484d87b26d5e-CoreUtilities.js:11
Promise.then
bi @ 38ce3bd52c1b542dd81e38c52eecd03de1499c5bf9c7b463db2e484d87b26d5e-CoreUtilities.js:11
i @ 38ce3bd52c1b542dd81e38c52eecd03de1499c5bf9c7b463db2e484d87b26d5e-CoreUtilities.js:11
(anonymous) @ 38ce3bd52c1b542dd81e38c52eecd03de1499c5bf9c7b463db2e484d87b26d5e-CoreUtilities.js:11
(anonymous) @ 38ce3bd52c1b542dd81e38c52eecd03de1499c5bf9c7b463db2e484d87b26d5e-CoreUtilities.js:11
bc @ 38ce3bd52c1b542dd81e38c52eecd03de1499c5bf9c7b463db2e484d87b26d5e-CoreUtilities.js:11
(anonymous) @ d0e52d0d965be24069cbad066cb9cb59db4b77f59ca5353c47b8b31ab4f07082-Footer.js:5
(anonymous) @ d0e52d0d965be24069cbad066cb9cb59db4b77f59ca5353c47b8b31ab4f07082-Footer.js:5
ot @ d0e52d0d965be24069cbad066cb9cb59db4b77f59ca5353c47b8b31ab4f07082-Footer.js:5
l @ d0e52d0d965be24069cbad066cb9cb59db4b77f59ca5353c47b8b31ab4f07082-Footer.js:5
(anonymous) @ d0e52d0d965be24069cbad066cb9cb59db4b77f59ca5353c47b8b31ab4f07082-Footer.js:5
(anonymous) @ d0e52d0d965be24069cbad066cb9cb59db4b77f59ca5353c47b8b31ab4f07082-Footer.js:5
on @ d0e52d0d965be24069cbad066cb9cb59db4b77f59ca5353c47b8b31ab4f07082-Footer.js:5
fetchFn @ c27f57f4a397dabc2fe3b74fec93c2401913bdf49373f9339c00b6f18b32d2ac.js:55
d @ c27f57f4a397dabc2fe3b74fec93c2401913bdf49373f9339c00b6f18b32d2ac.js:55
na @ c27f57f4a397dabc2fe3b74fec93c2401913bdf49373f9339c00b6f18b32d2ac.js:55
value @ c27f57f4a397dabc2fe3b74fec93c2401913bdf49373f9339c00b6f18b32d2ac.js:55
value @ c27f57f4a397dabc2fe3b74fec93c2401913bdf49373f9339c00b6f18b32d2ac.js:55
value @ c27f57f4a397dabc2fe3b74fec93c2401913bdf49373f9339c00b6f18b32d2ac.js:55
value @ c27f57f4a397dabc2fe3b74fec93c2401913bdf49373f9339c00b6f18b32d2ac.js:55
(anonymous) @ c27f57f4a397dabc2fe3b74fec93c2401913bdf49373f9339c00b6f18b32d2ac.js:55
(anonymous) @ c27f57f4a397dabc2fe3b74fec93c2401913bdf49373f9339c00b6f18b32d2ac.js:55
ut @ c27f57f4a397dabc2fe3b74fec93c2401913bdf49373f9339c00b6f18b32d2ac.js:19
t.unstable_runWithPriority @ c27f57f4a397dabc2fe3b74fec93c2401913bdf49373f9339c00b6f18b32d2ac.js:47
ot @ c27f57f4a397dabc2fe3b74fec93c2401913bdf49373f9339c00b6f18b32d2ac.js:19
a7 @ c27f57f4a397dabc2fe3b74fec93c2401913bdf49373f9339c00b6f18b32d2ac.js:19
aG @ c27f57f4a397dabc2fe3b74fec93c2401913bdf49373f9339c00b6f18b32d2ac.js:19
(anonymous) @ c27f57f4a397dabc2fe3b74fec93c2401913bdf49373f9339c00b6f18b32d2ac.js:19
t.unstable_runWithPriority @ c27f57f4a397dabc2fe3b74fec93c2401913bdf49373f9339c00b6f18b32d2ac.js:47
ot @ c27f57f4a397dabc2fe3b74fec93c2401913bdf49373f9339c00b6f18b32d2ac.js:19
oo @ c27f57f4a397dabc2fe3b74fec93c2401913bdf49373f9339c00b6f18b32d2ac.js:19
or @ c27f57f4a397dabc2fe3b74fec93c2401913bdf49373f9339c00b6f18b32d2ac.js:19
aZ @ c27f57f4a397dabc2fe3b74fec93c2401913bdf49373f9339c00b6f18b32d2ac.js:19
uk @ c27f57f4a397dabc2fe3b74fec93c2401913bdf49373f9339c00b6f18b32d2ac.js:19
t.render @ c27f57f4a397dabc2fe3b74fec93c2401913bdf49373f9339c00b6f18b32d2ac.js:19
r2 @ 95f8bb82135ec3f4173f3194002ad0d239b3384622912fa4a7e93e506c0ab6e1-ReactUtilities.js:5
(anonymous) @ d0e52d0d965be24069cbad066cb9cb59db4b77f59ca5353c47b8b31ab4f07082-Footer.js:5
r @ de7063d3320bfcbf6356e3b749302f3d52d6024125e3f0e6f3ff5fc37b1dc1e5-Sentry.js:1
trades-list.js:105  POST https://apis.roblox.com/platform-chat-api/v1/get-conversations 403 (Forbidden)
tisTradesListXhrSend @ trades-list.js:105
e.send @ injectScriptAdjust.js:1
(anonymous) @ de7063d3320bfcbf6356e3b749302f3d52d6024125e3f0e6f3ff5fc37b1dc1e5-Sentry.js:1
apply @ de7063d3320bfcbf6356e3b749302f3d52d6024125e3f0e6f3ff5fc37b1dc1e5-Sentry.js:1
(anonymous) @ 3756ad214dde52cb58a1300177547475.js:112
q @ 3756ad214dde52cb58a1300177547475.js:107
(anonymous) @ 3756ad214dde52cb58a1300177547475.js:105
(anonymous) @ 3756ad214dde52cb58a1300177547475.js:139
$digest @ 3756ad214dde52cb58a1300177547475.js:150
(anonymous) @ 3756ad214dde52cb58a1300177547475.js:153
e @ 3756ad214dde52cb58a1300177547475.js:52
(anonymous) @ 3756ad214dde52cb58a1300177547475.js:55
r @ de7063d3320bfcbf6356e3b749302f3d52d6024125e3f0e6f3ff5fc37b1dc1e5-Sentry.js:1
setTimeout
(anonymous) @ de7063d3320bfcbf6356e3b749302f3d52d6024125e3f0e6f3ff5fc37b1dc1e5-Sentry.js:1
(anonymous) @ 3756ad214dde52cb58a1300177547475.js:55
$evalAsync @ 3756ad214dde52cb58a1300177547475.js:153
(anonymous) @ 3756ad214dde52cb58a1300177547475.js:137
h @ 3756ad214dde52cb58a1300177547475.js:139
l @ 3756ad214dde52cb58a1300177547475.js:140
c @ 3756ad214dde52cb58a1300177547475.js:139
Promise.then
l @ 3756ad214dde52cb58a1300177547475.js:140
k @ 3756ad214dde52cb58a1300177547475.js:139
(anonymous) @ 3756ad214dde52cb58a1300177547475.js:139
$digest @ 3756ad214dde52cb58a1300177547475.js:150
(anonymous) @ 3756ad214dde52cb58a1300177547475.js:153
e @ 3756ad214dde52cb58a1300177547475.js:52
(anonymous) @ 3756ad214dde52cb58a1300177547475.js:55
r @ de7063d3320bfcbf6356e3b749302f3d52d6024125e3f0e6f3ff5fc37b1dc1e5-Sentry.js:1
setTimeout
(anonymous) @ de7063d3320bfcbf6356e3b749302f3d52d6024125e3f0e6f3ff5fc37b1dc1e5-Sentry.js:1
(anonymous) @ 3756ad214dde52cb58a1300177547475.js:55
$evalAsync @ 3756ad214dde52cb58a1300177547475.js:153
(anonymous) @ 3756ad214dde52cb58a1300177547475.js:137
h @ 3756ad214dde52cb58a1300177547475.js:139
l @ 3756ad214dde52cb58a1300177547475.js:140
k @ 3756ad214dde52cb58a1300177547475.js:139
(anonymous) @ 3756ad214dde52cb58a1300177547475.js:138
q @ 3756ad214dde52cb58a1300177547475.js:106
f @ 3756ad214dde52cb58a1300177547475.js:105
l @ 3756ad214dde52cb58a1300177547475.js:106
(anonymous) @ 3756ad214dde52cb58a1300177547475.js:111
r @ de7063d3320bfcbf6356e3b749302f3d52d6024125e3f0e6f3ff5fc37b1dc1e5-Sentry.js:1
XMLHttpRequest.send
tisTradesListXhrSend @ trades-list.js:105
e.send @ injectScriptAdjust.js:1
(anonymous) @ de7063d3320bfcbf6356e3b749302f3d52d6024125e3f0e6f3ff5fc37b1dc1e5-Sentry.js:1
apply @ de7063d3320bfcbf6356e3b749302f3d52d6024125e3f0e6f3ff5fc37b1dc1e5-Sentry.js:1
(anonymous) @ 3756ad214dde52cb58a1300177547475.js:112
q @ 3756ad214dde52cb58a1300177547475.js:107
(anonymous) @ 3756ad214dde52cb58a1300177547475.js:105
(anonymous) @ 3756ad214dde52cb58a1300177547475.js:139
$digest @ 3756ad214dde52cb58a1300177547475.js:150
(anonymous) @ 3756ad214dde52cb58a1300177547475.js:153
e @ 3756ad214dde52cb58a1300177547475.js:52
(anonymous) @ 3756ad214dde52cb58a1300177547475.js:55
r @ de7063d3320bfcbf6356e3b749302f3d52d6024125e3f0e6f3ff5fc37b1dc1e5-Sentry.js:1
setTimeout
(anonymous) @ de7063d3320bfcbf6356e3b749302f3d52d6024125e3f0e6f3ff5fc37b1dc1e5-Sentry.js:1
(anonymous) @ 3756ad214dde52cb58a1300177547475.js:55
$evalAsync @ 3756ad214dde52cb58a1300177547475.js:153
(anonymous) @ 3756ad214dde52cb58a1300177547475.js:137
h @ 3756ad214dde52cb58a1300177547475.js:139
l @ 3756ad214dde52cb58a1300177547475.js:140
c @ 3756ad214dde52cb58a1300177547475.js:139
Promise.then
l @ 3756ad214dde52cb58a1300177547475.js:140
k @ 3756ad214dde52cb58a1300177547475.js:139
(anonymous) @ 3756ad214dde52cb58a1300177547475.js:139
$digest @ 3756ad214dde52cb58a1300177547475.js:150
$apply @ 3756ad214dde52cb58a1300177547475.js:153
(anonymous) @ 3756ad214dde52cb58a1300177547475.js:25
invoke @ 3756ad214dde52cb58a1300177547475.js:48
c @ 3756ad214dde52cb58a1300177547475.js:25
Pc @ 3756ad214dde52cb58a1300177547475.js:26
(anonymous) @ d16e9b1f4f874a3b3e643ef395bb41f92589450562b1146e52569c62ff533635-Chat.js:1
j @ 0496306d944faeb488779bad1af0738e.js:7
fireWith @ 0496306d944faeb488779bad1af0738e.js:7
ready @ 0496306d944faeb488779bad1af0738e.js:7
J @ 0496306d944faeb488779bad1af0738e.js:7
ecsv2.roblox.com/www/e.png?btn=GuacMigration&ctx=guac_migration&url=https%3A%2F%2Fapis.roblox.com%2Fguac-v2%2Fv1%2Fbundles%2Fuser-agreements-policy&latency=1697&version=v2&status=success&error=&errordetails=&evt=guac_migration&lt=2026-05-20T12%3A05%3A56.430Z&gid=-67862807&sid=de00683c-2b46-4c41-bb1b-ac493608d67c:1  GET https://ecsv2.roblox.com/www/e.png?btn=GuacMigration&ctx=guac_migration&url=https%3A%2F%2Fapis.roblox.com%2Fguac-v2%2Fv1%2Fbundles%2Fuser-agreements-policy&latency=1697&version=v2&status=success&error=&errordetails=&evt=guac_migration&lt=2026-05-20T12%3A05%3A56.430Z&gid=-67862807&sid=de00683c-2b46-4c41-bb1b-ac493608d67c net::ERR_BLOCKED_BY_CLIENT
Image
sendEventWithTarget @ 0496306d944faeb488779bad1af0738e.js:96
lk @ 38ce3bd52c1b542dd81e38c52eecd03de1499c5bf9c7b463db2e484d87b26d5e-CoreUtilities.js:11
lG @ 38ce3bd52c1b542dd81e38c52eecd03de1499c5bf9c7b463db2e484d87b26d5e-CoreUtilities.js:11
bs @ 38ce3bd52c1b542dd81e38c52eecd03de1499c5bf9c7b463db2e484d87b26d5e-CoreUtilities.js:11
(anonymous) @ 38ce3bd52c1b542dd81e38c52eecd03de1499c5bf9c7b463db2e484d87b26d5e-CoreUtilities.js:11
(anonymous) @ 38ce3bd52c1b542dd81e38c52eecd03de1499c5bf9c7b463db2e484d87b26d5e-CoreUtilities.js:11
bi @ 38ce3bd52c1b542dd81e38c52eecd03de1499c5bf9c7b463db2e484d87b26d5e-CoreUtilities.js:11
i @ 38ce3bd52c1b542dd81e38c52eecd03de1499c5bf9c7b463db2e484d87b26d5e-CoreUtilities.js:11
Promise.then
bi @ 38ce3bd52c1b542dd81e38c52eecd03de1499c5bf9c7b463db2e484d87b26d5e-CoreUtilities.js:11
i @ 38ce3bd52c1b542dd81e38c52eecd03de1499c5bf9c7b463db2e484d87b26d5e-CoreUtilities.js:11
(anonymous) @ 38ce3bd52c1b542dd81e38c52eecd03de1499c5bf9c7b463db2e484d87b26d5e-CoreUtilities.js:11
(anonymous) @ 38ce3bd52c1b542dd81e38c52eecd03de1499c5bf9c7b463db2e484d87b26d5e-CoreUtilities.js:11
bc @ 38ce3bd52c1b542dd81e38c52eecd03de1499c5bf9c7b463db2e484d87b26d5e-CoreUtilities.js:11
T @ 18a39f1adad50fcd69442f5ddd58c68c80ee0ff59fadc808ffda3195ceb492a8.js:1
(anonymous) @ 18a39f1adad50fcd69442f5ddd58c68c80ee0ff59fadc808ffda3195ceb492a8.js:1
l @ 5c8a2ba3737908f693394045e81ebd71c77cde6f87550ea51f7833e8c98200ae.js:1
o.value @ 5c8a2ba3737908f693394045e81ebd71c77cde6f87550ea51f7833e8c98200ae.js:1
(anonymous) @ 5c8a2ba3737908f693394045e81ebd71c77cde6f87550ea51f7833e8c98200ae.js:1
E @ 18a39f1adad50fcd69442f5ddd58c68c80ee0ff59fadc808ffda3195ceb492a8.js:1
a @ 18a39f1adad50fcd69442f5ddd58c68c80ee0ff59fadc808ffda3195ceb492a8.js:1
(anonymous) @ 18a39f1adad50fcd69442f5ddd58c68c80ee0ff59fadc808ffda3195ceb492a8.js:1
(anonymous) @ 18a39f1adad50fcd69442f5ddd58c68c80ee0ff59fadc808ffda3195ceb492a8.js:1
(anonymous) @ 18a39f1adad50fcd69442f5ddd58c68c80ee0ff59fadc808ffda3195ceb492a8.js:1
(anonymous) @ 18a39f1adad50fcd69442f5ddd58c68c80ee0ff59fadc808ffda3195ceb492a8.js:1
l @ 5c8a2ba3737908f693394045e81ebd71c77cde6f87550ea51f7833e8c98200ae.js:1
o.value @ 5c8a2ba3737908f693394045e81ebd71c77cde6f87550ea51f7833e8c98200ae.js:1
(anonymous) @ 5c8a2ba3737908f693394045e81ebd71c77cde6f87550ea51f7833e8c98200ae.js:1
D @ 18a39f1adad50fcd69442f5ddd58c68c80ee0ff59fadc808ffda3195ceb492a8.js:1
a @ 18a39f1adad50fcd69442f5ddd58c68c80ee0ff59fadc808ffda3195ceb492a8.js:1
(anonymous) @ 18a39f1adad50fcd69442f5ddd58c68c80ee0ff59fadc808ffda3195ceb492a8.js:1
(anonymous) @ 18a39f1adad50fcd69442f5ddd58c68c80ee0ff59fadc808ffda3195ceb492a8.js:1
(anonymous) @ 18a39f1adad50fcd69442f5ddd58c68c80ee0ff59fadc808ffda3195ceb492a8.js:1
(anonymous) @ 18a39f1adad50fcd69442f5ddd58c68c80ee0ff59fadc808ffda3195ceb492a8.js:1
ut @ c27f57f4a397dabc2fe3b74fec93c2401913bdf49373f9339c00b6f18b32d2ac.js:19
t.unstable_runWithPriority @ c27f57f4a397dabc2fe3b74fec93c2401913bdf49373f9339c00b6f18b32d2ac.js:47
ot @ c27f57f4a397dabc2fe3b74fec93c2401913bdf49373f9339c00b6f18b32d2ac.js:19
a7 @ c27f57f4a397dabc2fe3b74fec93c2401913bdf49373f9339c00b6f18b32d2ac.js:19
(anonymous) @ c27f57f4a397dabc2fe3b74fec93c2401913bdf49373f9339c00b6f18b32d2ac.js:19
F @ c27f57f4a397dabc2fe3b74fec93c2401913bdf49373f9339c00b6f18b32d2ac.js:47
O.port1.onmessage @ c27f57f4a397dabc2fe3b74fec93c2401913bdf49373f9339c00b6f18b32d2ac.js:47
postMessage
r @ c27f57f4a397dabc2fe3b74fec93c2401913bdf49373f9339c00b6f18b32d2ac.js:47
t.unstable_scheduleCallback @ c27f57f4a397dabc2fe3b74fec93c2401913bdf49373f9339c00b6f18b32d2ac.js:47
on @ c27f57f4a397dabc2fe3b74fec93c2401913bdf49373f9339c00b6f18b32d2ac.js:19
(anonymous) @ c27f57f4a397dabc2fe3b74fec93c2401913bdf49373f9339c00b6f18b32d2ac.js:19
a5 @ c27f57f4a397dabc2fe3b74fec93c2401913bdf49373f9339c00b6f18b32d2ac.js:19
t.unstable_runWithPriority @ c27f57f4a397dabc2fe3b74fec93c2401913bdf49373f9339c00b6f18b32d2ac.js:47
ot @ c27f57f4a397dabc2fe3b74fec93c2401913bdf49373f9339c00b6f18b32d2ac.js:19
a8 @ c27f57f4a397dabc2fe3b74fec93c2401913bdf49373f9339c00b6f18b32d2ac.js:19
aG @ c27f57f4a397dabc2fe3b74fec93c2401913bdf49373f9339c00b6f18b32d2ac.js:19
aH @ c27f57f4a397dabc2fe3b74fec93c2401913bdf49373f9339c00b6f18b32d2ac.js:19
uv @ c27f57f4a397dabc2fe3b74fec93c2401913bdf49373f9339c00b6f18b32d2ac.js:19
(anonymous) @ c27f57f4a397dabc2fe3b74fec93c2401913bdf49373f9339c00b6f18b32d2ac.js:19
aZ @ c27f57f4a397dabc2fe3b74fec93c2401913bdf49373f9339c00b6f18b32d2ac.js:19
uk @ c27f57f4a397dabc2fe3b74fec93c2401913bdf49373f9339c00b6f18b32d2ac.js:19
t.render @ c27f57f4a397dabc2fe3b74fec93c2401913bdf49373f9339c00b6f18b32d2ac.js:19
(anonymous) @ ea02dd03dee8d01ac1d70c79d1a67cd19f1a2cee81b5796e32ae0102917d8992-VerificationUpsell.js:2
r @ de7063d3320bfcbf6356e3b749302f3d52d6024125e3f0e6f3ff5fc37b1dc1e5-Sentry.js:1
ecsv2.roblox.com/www/e.png?btn=GuacMigration&ctx=guac_migration&url=https%3A%2F%2Fapis.roblox.com%2Fguac-v2%2Fv1%2Fbundles%2Fuser-settings-global-privacy-control-policy&latency=1723&version=v2&status=success&error=&errordetails=&evt=guac_migration&lt=2026-05-20T12%3A05%3A56.431Z&gid=-67862807&sid=de00683c-2b46-4c41-bb1b-ac493608d67c:1  GET https://ecsv2.roblox.com/www/e.png?btn=GuacMigration&ctx=guac_migration&url=https%3A%2F%2Fapis.roblox.com%2Fguac-v2%2Fv1%2Fbundles%2Fuser-settings-global-privacy-control-policy&latency=1723&version=v2&status=success&error=&errordetails=&evt=guac_migration&lt=2026-05-20T12%3A05%3A56.431Z&gid=-67862807&sid=de00683c-2b46-4c41-bb1b-ac493608d67c net::ERR_BLOCKED_BY_CLIENT
Image
sendEventWithTarget @ 0496306d944faeb488779bad1af0738e.js:96
lk @ 38ce3bd52c1b542dd81e38c52eecd03de1499c5bf9c7b463db2e484d87b26d5e-CoreUtilities.js:11
lG @ 38ce3bd52c1b542dd81e38c52eecd03de1499c5bf9c7b463db2e484d87b26d5e-CoreUtilities.js:11
bs @ 38ce3bd52c1b542dd81e38c52eecd03de1499c5bf9c7b463db2e484d87b26d5e-CoreUtilities.js:11
(anonymous) @ 38ce3bd52c1b542dd81e38c52eecd03de1499c5bf9c7b463db2e484d87b26d5e-CoreUtilities.js:11
(anonymous) @ 38ce3bd52c1b542dd81e38c52eecd03de1499c5bf9c7b463db2e484d87b26d5e-CoreUtilities.js:11
bi @ 38ce3bd52c1b542dd81e38c52eecd03de1499c5bf9c7b463db2e484d87b26d5e-CoreUtilities.js:11
i @ 38ce3bd52c1b542dd81e38c52eecd03de1499c5bf9c7b463db2e484d87b26d5e-CoreUtilities.js:11
Promise.then
bi @ 38ce3bd52c1b542dd81e38c52eecd03de1499c5bf9c7b463db2e484d87b26d5e-CoreUtilities.js:11
i @ 38ce3bd52c1b542dd81e38c52eecd03de1499c5bf9c7b463db2e484d87b26d5e-CoreUtilities.js:11
(anonymous) @ 38ce3bd52c1b542dd81e38c52eecd03de1499c5bf9c7b463db2e484d87b26d5e-CoreUtilities.js:11
(anonymous) @ 38ce3bd52c1b542dd81e38c52eecd03de1499c5bf9c7b463db2e484d87b26d5e-CoreUtilities.js:11
bc @ 38ce3bd52c1b542dd81e38c52eecd03de1499c5bf9c7b463db2e484d87b26d5e-CoreUtilities.js:11
P @ ef0d5bf50bd1c7c225e07156087085a29bb9b23ee09368dee2338a64fe9a7745.js:1
(anonymous) @ ef0d5bf50bd1c7c225e07156087085a29bb9b23ee09368dee2338a64fe9a7745.js:1
(anonymous) @ ef0d5bf50bd1c7c225e07156087085a29bb9b23ee09368dee2338a64fe9a7745.js:1
(anonymous) @ ef0d5bf50bd1c7c225e07156087085a29bb9b23ee09368dee2338a64fe9a7745.js:1
(anonymous) @ ef0d5bf50bd1c7c225e07156087085a29bb9b23ee09368dee2338a64fe9a7745.js:1
u @ ef0d5bf50bd1c7c225e07156087085a29bb9b23ee09368dee2338a64fe9a7745.js:1
s @ ef0d5bf50bd1c7c225e07156087085a29bb9b23ee09368dee2338a64fe9a7745.js:1
(anonymous) @ ef0d5bf50bd1c7c225e07156087085a29bb9b23ee09368dee2338a64fe9a7745.js:1
(anonymous) @ ef0d5bf50bd1c7c225e07156087085a29bb9b23ee09368dee2338a64fe9a7745.js:1
(anonymous) @ ef0d5bf50bd1c7c225e07156087085a29bb9b23ee09368dee2338a64fe9a7745.js:1
(anonymous) @ ef0d5bf50bd1c7c225e07156087085a29bb9b23ee09368dee2338a64fe9a7745.js:1
f @ ef0d5bf50bd1c7c225e07156087085a29bb9b23ee09368dee2338a64fe9a7745.js:1
(anonymous) @ ef0d5bf50bd1c7c225e07156087085a29bb9b23ee09368dee2338a64fe9a7745.js:1
ut @ c27f57f4a397dabc2fe3b74fec93c2401913bdf49373f9339c00b6f18b32d2ac.js:19
t.unstable_runWithPriority @ c27f57f4a397dabc2fe3b74fec93c2401913bdf49373f9339c00b6f18b32d2ac.js:47
ot @ c27f57f4a397dabc2fe3b74fec93c2401913bdf49373f9339c00b6f18b32d2ac.js:19
a7 @ c27f57f4a397dabc2fe3b74fec93c2401913bdf49373f9339c00b6f18b32d2ac.js:19
aG @ c27f57f4a397dabc2fe3b74fec93c2401913bdf49373f9339c00b6f18b32d2ac.js:19
aH @ c27f57f4a397dabc2fe3b74fec93c2401913bdf49373f9339c00b6f18b32d2ac.js:19
uv @ c27f57f4a397dabc2fe3b74fec93c2401913bdf49373f9339c00b6f18b32d2ac.js:19
(anonymous) @ c27f57f4a397dabc2fe3b74fec93c2401913bdf49373f9339c00b6f18b32d2ac.js:19
aZ @ c27f57f4a397dabc2fe3b74fec93c2401913bdf49373f9339c00b6f18b32d2ac.js:19
uk @ c27f57f4a397dabc2fe3b74fec93c2401913bdf49373f9339c00b6f18b32d2ac.js:19
t.render @ c27f57f4a397dabc2fe3b74fec93c2401913bdf49373f9339c00b6f18b32d2ac.js:19
(anonymous) @ 18a39f1adad50fcd69442f5ddd58c68c80ee0ff59fadc808ffda3195ceb492a8.js:1
r @ de7063d3320bfcbf6356e3b749302f3d52d6024125e3f0e6f3ff5fc37b1dc1e5-Sentry.js:1
ecsv2.roblox.com/www/e.png?localTimestamp=1779278756682&conversationId=2d15a8ae-584e-5417-b1b6-5cdca18ba1c8&isDialogOpen=false&conversationSource=channels&moderationType=trusted_comms&userPendingStatus=invalid&evt=webChatConversationRendered&ctx=WebChatEventContext&url=https%3A%2F%2Fwww.roblox.com%2Fusers%2F2911519853%2Ftrade&lt=2026-05-20T12%3A05%3A56.682Z&gid=-67862807&sid=de00683c-2b46-4c41-bb1b-ac493608d67c:1  GET https://ecsv2.roblox.com/www/e.png?localTimestamp=1779278756682&conversationId=2d15a8ae-584e-5417-b1b6-5cdca18ba1c8&isDialogOpen=false&conversationSource=channels&moderationType=trusted_comms&userPendingStatus=invalid&evt=webChatConversationRendered&ctx=WebChatEventContext&url=https%3A%2F%2Fwww.roblox.com%2Fusers%2F2911519853%2Ftrade&lt=2026-05-20T12%3A05%3A56.682Z&gid=-67862807&sid=de00683c-2b46-4c41-bb1b-ac493608d67c net::ERR_BLOCKED_BY_CLIENT
Image
sendEventWithTarget @ 0496306d944faeb488779bad1af0738e.js:96
c @ d16e9b1f4f874a3b3e643ef395bb41f92589450562b1146e52569c62ff533635-Chat.js:1
(anonymous) @ d16e9b1f4f874a3b3e643ef395bb41f92589450562b1146e52569c62ff533635-Chat.js:1
(anonymous) @ d16e9b1f4f874a3b3e643ef395bb41f92589450562b1146e52569c62ff533635-Chat.js:1
n @ d16e9b1f4f874a3b3e643ef395bb41f92589450562b1146e52569c62ff533635-Chat.js:1
invoke @ 3756ad214dde52cb58a1300177547475.js:48
(anonymous) @ 3756ad214dde52cb58a1300177547475.js:98
n @ 3756ad214dde52cb58a1300177547475.js:73
g @ 3756ad214dde52cb58a1300177547475.js:65
(anonymous) @ 3756ad214dde52cb58a1300177547475.js:65
p @ d16e9b1f4f874a3b3e643ef395bb41f92589450562b1146e52569c62ff533635-Chat.js:1
(anonymous) @ d16e9b1f4f874a3b3e643ef395bb41f92589450562b1146e52569c62ff533635-Chat.js:1
$digest @ 3756ad214dde52cb58a1300177547475.js:151
$apply @ 3756ad214dde52cb58a1300177547475.js:153
l @ 3756ad214dde52cb58a1300177547475.js:106
(anonymous) @ 3756ad214dde52cb58a1300177547475.js:111
r @ de7063d3320bfcbf6356e3b749302f3d52d6024125e3f0e6f3ff5fc37b1dc1e5-Sentry.js:1
XMLHttpRequest.send
tisTradesListXhrSend @ trades-list.js:105
e.send @ injectScriptAdjust.js:1
(anonymous) @ de7063d3320bfcbf6356e3b749302f3d52d6024125e3f0e6f3ff5fc37b1dc1e5-Sentry.js:1
apply @ de7063d3320bfcbf6356e3b749302f3d52d6024125e3f0e6f3ff5fc37b1dc1e5-Sentry.js:1
(anonymous) @ 3756ad214dde52cb58a1300177547475.js:112
q @ 3756ad214dde52cb58a1300177547475.js:107
(anonymous) @ 3756ad214dde52cb58a1300177547475.js:105
(anonymous) @ 3756ad214dde52cb58a1300177547475.js:139
$digest @ 3756ad214dde52cb58a1300177547475.js:150
(anonymous) @ 3756ad214dde52cb58a1300177547475.js:153
e @ 3756ad214dde52cb58a1300177547475.js:52
(anonymous) @ 3756ad214dde52cb58a1300177547475.js:55
r @ de7063d3320bfcbf6356e3b749302f3d52d6024125e3f0e6f3ff5fc37b1dc1e5-Sentry.js:1
setTimeout
(anonymous) @ de7063d3320bfcbf6356e3b749302f3d52d6024125e3f0e6f3ff5fc37b1dc1e5-Sentry.js:1
(anonymous) @ 3756ad214dde52cb58a1300177547475.js:55
$evalAsync @ 3756ad214dde52cb58a1300177547475.js:153
(anonymous) @ 3756ad214dde52cb58a1300177547475.js:137
h @ 3756ad214dde52cb58a1300177547475.js:139
l @ 3756ad214dde52cb58a1300177547475.js:140
c @ 3756ad214dde52cb58a1300177547475.js:139
Promise.then
l @ 3756ad214dde52cb58a1300177547475.js:140
k @ 3756ad214dde52cb58a1300177547475.js:139
(anonymous) @ 3756ad214dde52cb58a1300177547475.js:139
$digest @ 3756ad214dde52cb58a1300177547475.js:150
$apply @ 3756ad214dde52cb58a1300177547475.js:153
l @ 3756ad214dde52cb58a1300177547475.js:106
(anonymous) @ 3756ad214dde52cb58a1300177547475.js:111
r @ de7063d3320bfcbf6356e3b749302f3d52d6024125e3f0e6f3ff5fc37b1dc1e5-Sentry.js:1
XMLHttpRequest.send
tisTradesListXhrSend @ trades-list.js:105
e.send @ injectScriptAdjust.js:1
(anonymous) @ de7063d3320bfcbf6356e3b749302f3d52d6024125e3f0e6f3ff5fc37b1dc1e5-Sentry.js:1
apply @ de7063d3320bfcbf6356e3b749302f3d52d6024125e3f0e6f3ff5fc37b1dc1e5-Sentry.js:1
(anonymous) @ 3756ad214dde52cb58a1300177547475.js:112
q @ 3756ad214dde52cb58a1300177547475.js:107
(anonymous) @ 3756ad214dde52cb58a1300177547475.js:105
(anonymous) @ 3756ad214dde52cb58a1300177547475.js:139
$digest @ 3756ad214dde52cb58a1300177547475.js:150
(anonymous) @ 3756ad214dde52cb58a1300177547475.js:153
e @ 3756ad214dde52cb58a1300177547475.js:52
(anonymous) @ 3756ad214dde52cb58a1300177547475.js:55
r @ de7063d3320bfcbf6356e3b749302f3d52d6024125e3f0e6f3ff5fc37b1dc1e5-Sentry.js:1
setTimeout
(anonymous) @ de7063d3320bfcbf6356e3b749302f3d52d6024125e3f0e6f3ff5fc37b1dc1e5-Sentry.js:1
(anonymous) @ 3756ad214dde52cb58a1300177547475.js:55
$evalAsync @ 3756ad214dde52cb58a1300177547475.js:153
(anonymous) @ 3756ad214dde52cb58a1300177547475.js:137
h @ 3756ad214dde52cb58a1300177547475.js:139
l @ 3756ad214dde52cb58a1300177547475.js:140
c @ 3756ad214dde52cb58a1300177547475.js:139
Promise.then
l @ 3756ad214dde52cb58a1300177547475.js:140
k @ 3756ad214dde52cb58a1300177547475.js:139
(anonymous) @ 3756ad214dde52cb58a1300177547475.js:139
$digest @ 3756ad214dde52cb58a1300177547475.js:150
(anonymous) @ 3756ad214dde52cb58a1300177547475.js:153
e @ 3756ad214dde52cb58a1300177547475.js:52
(anonymous) @ 3756ad214dde52cb58a1300177547475.js:55
r @ de7063d3320bfcbf6356e3b749302f3d52d6024125e3f0e6f3ff5fc37b1dc1e5-Sentry.js:1
setTimeout
(anonymous) @ de7063d3320bfcbf6356e3b749302f3d52d6024125e3f0e6f3ff5fc37b1dc1e5-Sentry.js:1
(anonymous) @ 3756ad214dde52cb58a1300177547475.js:55
$evalAsync @ 3756ad214dde52cb58a1300177547475.js:153
(anonymous) @ 3756ad214dde52cb58a1300177547475.js:137
h @ 3756ad214dde52cb58a1300177547475.js:139
l @ 3756ad214dde52cb58a1300177547475.js:140
k @ 3756ad214dde52cb58a1300177547475.js:139
(anonymous) @ 3756ad214dde52cb58a1300177547475.js:138
q @ 3756ad214dde52cb58a1300177547475.js:106
f @ 3756ad214dde52cb58a1300177547475.js:105
l @ 3756ad214dde52cb58a1300177547475.js:106
(anonymous) @ 3756ad214dde52cb58a1300177547475.js:111
r @ de7063d3320bfcbf6356e3b749302f3d52d6024125e3f0e6f3ff5fc37b1dc1e5-Sentry.js:1
XMLHttpRequest.send
tisTradesListXhrSend @ trades-list.js:105
e.send @ injectScriptAdjust.js:1
(anonymous) @ de7063d3320bfcbf6356e3b749302f3d52d6024125e3f0e6f3ff5fc37b1dc1e5-Sentry.js:1
apply @ de7063d3320bfcbf6356e3b749302f3d52d6024125e3f0e6f3ff5fc37b1dc1e5-Sentry.js:1
(anonymous) @ 3756ad214dde52cb58a1300177547475.js:112
q @ 3756ad214dde52cb58a1300177547475.js:107
(anonymous) @ 3756ad214dde52cb58a1300177547475.js:105
(anonymous) @ 3756ad214dde52cb58a1300177547475.js:139
$digest @ 3756ad214dde52cb58a1300177547475.js:150
(anonymous) @ 3756ad214dde52cb58a1300177547475.js:153
e @ 3756ad214dde52cb58a1300177547475.js:52
(anonymous) @ 3756ad214dde52cb58a1300177547475.js:55
r @ de7063d3320bfcbf6356e3b749302f3d52d6024125e3f0e6f3ff5fc37b1dc1e5-Sentry.js:1
setTimeout
(anonymous) @ de7063d3320bfcbf6356e3b749302f3d52d6024125e3f0e6f3ff5fc37b1dc1e5-Sentry.js:1
(anonymous) @ 3756ad214dde52cb58a1300177547475.js:55
$evalAsync @ 3756ad214dde52cb58a1300177547475.js:153
(anonymous) @ 3756ad214dde52cb58a1300177547475.js:137
h @ 3756ad214dde52cb58a1300177547475.js:139
l @ 3756ad214dde52cb58a1300177547475.js:140
c @ 3756ad214dde52cb58a1300177547475.js:139
Promise.then
l @ 3756ad214dde52cb58a1300177547475.js:140
k @ 3756ad214dde52cb58a1300177547475.js:139
(anonymous) @ 3756ad214dde52cb58a1300177547475.js:139
$digest @ 3756ad214dde52cb58a1300177547475.js:150
$apply @ 3756ad214dde52cb58a1300177547475.js:153
(anonymous) @ 3756ad214dde52cb58a1300177547475.js:25
invoke @ 3756ad214dde52cb58a1300177547475.js:48
c @ 3756ad214dde52cb58a1300177547475.js:25
Pc @ 3756ad214dde52cb58a1300177547475.js:26
(anonymous) @ d16e9b1f4f874a3b3e643ef395bb41f92589450562b1146e52569c62ff533635-Chat.js:1
j @ 0496306d944faeb488779bad1af0738e.js:7
fireWith @ 0496306d944faeb488779bad1af0738e.js:7
ready @ 0496306d944faeb488779bad1af0738e.js:7
J @ 0496306d944faeb488779bad1af0738e.js:7
trades-list.js:105  POST https://metrics.roblox.com/v1/games/report-event?name=WebChatConversationRenderedWeb net::ERR_BLOCKED_BY_CLIENT
tisTradesListXhrSend @ trades-list.js:105
e.send @ injectScriptAdjust.js:1
(anonymous) @ de7063d3320bfcbf6356e3b749302f3d52d6024125e3f0e6f3ff5fc37b1dc1e5-Sentry.js:1
apply @ de7063d3320bfcbf6356e3b749302f3d52d6024125e3f0e6f3ff5fc37b1dc1e5-Sentry.js:1
(anonymous) @ 38ce3bd52c1b542dd81e38c52eecd03de1499c5bf9c7b463db2e484d87b26d5e-CoreUtilities.js:11
Promise.finally
(anonymous) @ 38ce3bd52c1b542dd81e38c52eecd03de1499c5bf9c7b463db2e484d87b26d5e-CoreUtilities.js:11
send @ 0496306d944faeb488779bad1af0738e.js:16
ajax @ 0496306d944faeb488779bad1af0738e.js:16
(anonymous) @ 098e80c8e9f4dad5295663f4a79f9a64.js:6
each @ 0496306d944faeb488779bad1af0738e.js:7
self.fireEvent @ 098e80c8e9f4dad5295663f4a79f9a64.js:6
l @ d16e9b1f4f874a3b3e643ef395bb41f92589450562b1146e52569c62ff533635-Chat.js:1
(anonymous) @ d16e9b1f4f874a3b3e643ef395bb41f92589450562b1146e52569c62ff533635-Chat.js:1
(anonymous) @ d16e9b1f4f874a3b3e643ef395bb41f92589450562b1146e52569c62ff533635-Chat.js:1
n @ d16e9b1f4f874a3b3e643ef395bb41f92589450562b1146e52569c62ff533635-Chat.js:1
invoke @ 3756ad214dde52cb58a1300177547475.js:48
(anonymous) @ 3756ad214dde52cb58a1300177547475.js:98
n @ 3756ad214dde52cb58a1300177547475.js:73
g @ 3756ad214dde52cb58a1300177547475.js:65
(anonymous) @ 3756ad214dde52cb58a1300177547475.js:65
p @ d16e9b1f4f874a3b3e643ef395bb41f92589450562b1146e52569c62ff533635-Chat.js:1
(anonymous) @ d16e9b1f4f874a3b3e643ef395bb41f92589450562b1146e52569c62ff533635-Chat.js:1
$digest @ 3756ad214dde52cb58a1300177547475.js:151
$apply @ 3756ad214dde52cb58a1300177547475.js:153
l @ 3756ad214dde52cb58a1300177547475.js:106
(anonymous) @ 3756ad214dde52cb58a1300177547475.js:111
r @ de7063d3320bfcbf6356e3b749302f3d52d6024125e3f0e6f3ff5fc37b1dc1e5-Sentry.js:1
XMLHttpRequest.send
tisTradesListXhrSend @ trades-list.js:105
e.send @ injectScriptAdjust.js:1
(anonymous) @ de7063d3320bfcbf6356e3b749302f3d52d6024125e3f0e6f3ff5fc37b1dc1e5-Sentry.js:1
apply @ de7063d3320bfcbf6356e3b749302f3d52d6024125e3f0e6f3ff5fc37b1dc1e5-Sentry.js:1
(anonymous) @ 3756ad214dde52cb58a1300177547475.js:112
q @ 3756ad214dde52cb58a1300177547475.js:107
(anonymous) @ 3756ad214dde52cb58a1300177547475.js:105
(anonymous) @ 3756ad214dde52cb58a1300177547475.js:139
$digest @ 3756ad214dde52cb58a1300177547475.js:150
(anonymous) @ 3756ad214dde52cb58a1300177547475.js:153
e @ 3756ad214dde52cb58a1300177547475.js:52
(anonymous) @ 3756ad214dde52cb58a1300177547475.js:55
r @ de7063d3320bfcbf6356e3b749302f3d52d6024125e3f0e6f3ff5fc37b1dc1e5-Sentry.js:1
setTimeout
(anonymous) @ de7063d3320bfcbf6356e3b749302f3d52d6024125e3f0e6f3ff5fc37b1dc1e5-Sentry.js:1
(anonymous) @ 3756ad214dde52cb58a1300177547475.js:55
$evalAsync @ 3756ad214dde52cb58a1300177547475.js:153
(anonymous) @ 3756ad214dde52cb58a1300177547475.js:137
h @ 3756ad214dde52cb58a1300177547475.js:139
l @ 3756ad214dde52cb58a1300177547475.js:140
c @ 3756ad214dde52cb58a1300177547475.js:139
Promise.then
l @ 3756ad214dde52cb58a1300177547475.js:140
k @ 3756ad214dde52cb58a1300177547475.js:139
(anonymous) @ 3756ad214dde52cb58a1300177547475.js:139
$digest @ 3756ad214dde52cb58a1300177547475.js:150
$apply @ 3756ad214dde52cb58a1300177547475.js:153
l @ 3756ad214dde52cb58a1300177547475.js:106
(anonymous) @ 3756ad214dde52cb58a1300177547475.js:111
r @ de7063d3320bfcbf6356e3b749302f3d52d6024125e3f0e6f3ff5fc37b1dc1e5-Sentry.js:1
XMLHttpRequest.send
tisTradesListXhrSend @ trades-list.js:105
e.send @ injectScriptAdjust.js:1
(anonymous) @ de7063d3320bfcbf6356e3b749302f3d52d6024125e3f0e6f3ff5fc37b1dc1e5-Sentry.js:1
apply @ de7063d3320bfcbf6356e3b749302f3d52d6024125e3f0e6f3ff5fc37b1dc1e5-Sentry.js:1
(anonymous) @ 3756ad214dde52cb58a1300177547475.js:112
q @ 3756ad214dde52cb58a1300177547475.js:107
(anonymous) @ 3756ad214dde52cb58a1300177547475.js:105
(anonymous) @ 3756ad214dde52cb58a1300177547475.js:139
$digest @ 3756ad214dde52cb58a1300177547475.js:150
(anonymous) @ 3756ad214dde52cb58a1300177547475.js:153
e @ 3756ad214dde52cb58a1300177547475.js:52
(anonymous) @ 3756ad214dde52cb58a1300177547475.js:55
r @ de7063d3320bfcbf6356e3b749302f3d52d6024125e3f0e6f3ff5fc37b1dc1e5-Sentry.js:1
setTimeout
(anonymous) @ de7063d3320bfcbf6356e3b749302f3d52d6024125e3f0e6f3ff5fc37b1dc1e5-Sentry.js:1
(anonymous) @ 3756ad214dde52cb58a1300177547475.js:55
$evalAsync @ 3756ad214dde52cb58a1300177547475.js:153
(anonymous) @ 3756ad214dde52cb58a1300177547475.js:137
h @ 3756ad214dde52cb58a1300177547475.js:139
l @ 3756ad214dde52cb58a1300177547475.js:140
c @ 3756ad214dde52cb58a1300177547475.js:139
Promise.then
l @ 3756ad214dde52cb58a1300177547475.js:140
k @ 3756ad214dde52cb58a1300177547475.js:139
(anonymous) @ 3756ad214dde52cb58a1300177547475.js:139
$digest @ 3756ad214dde52cb58a1300177547475.js:150
(anonymous) @ 3756ad214dde52cb58a1300177547475.js:153
e @ 3756ad214dde52cb58a1300177547475.js:52
(anonymous) @ 3756ad214dde52cb58a1300177547475.js:55
r @ de7063d3320bfcbf6356e3b749302f3d52d6024125e3f0e6f3ff5fc37b1dc1e5-Sentry.js:1
setTimeout
(anonymous) @ de7063d3320bfcbf6356e3b749302f3d52d6024125e3f0e6f3ff5fc37b1dc1e5-Sentry.js:1
(anonymous) @ 3756ad214dde52cb58a1300177547475.js:55
$evalAsync @ 3756ad214dde52cb58a1300177547475.js:153
(anonymous) @ 3756ad214dde52cb58a1300177547475.js:137
h @ 3756ad214dde52cb58a1300177547475.js:139
l @ 3756ad214dde52cb58a1300177547475.js:140
k @ 3756ad214dde52cb58a1300177547475.js:139
(anonymous) @ 3756ad214dde52cb58a1300177547475.js:138
q @ 3756ad214dde52cb58a1300177547475.js:106
f @ 3756ad214dde52cb58a1300177547475.js:105
l @ 3756ad214dde52cb58a1300177547475.js:106
(anonymous) @ 3756ad214dde52cb58a1300177547475.js:111
r @ de7063d3320bfcbf6356e3b749302f3d52d6024125e3f0e6f3ff5fc37b1dc1e5-Sentry.js:1
XMLHttpRequest.send
tisTradesListXhrSend @ trades-list.js:105
e.send @ injectScriptAdjust.js:1
(anonymous) @ de7063d3320bfcbf6356e3b749302f3d52d6024125e3f0e6f3ff5fc37b1dc1e5-Sentry.js:1
apply @ de7063d3320bfcbf6356e3b749302f3d52d6024125e3f0e6f3ff5fc37b1dc1e5-Sentry.js:1
(anonymous) @ 3756ad214dde52cb58a1300177547475.js:112
q @ 3756ad214dde52cb58a1300177547475.js:107
(anonymous) @ 3756ad214dde52cb58a1300177547475.js:105
(anonymous) @ 3756ad214dde52cb58a1300177547475.js:139
$digest @ 3756ad214dde52cb58a1300177547475.js:150
(anonymous) @ 3756ad214dde52cb58a1300177547475.js:153
e @ 3756ad214dde52cb58a1300177547475.js:52
(anonymous) @ 3756ad214dde52cb58a1300177547475.js:55
r @ de7063d3320bfcbf6356e3b749302f3d52d6024125e3f0e6f3ff5fc37b1dc1e5-Sentry.js:1
setTimeout
(anonymous) @ de7063d3320bfcbf6356e3b749302f3d52d6024125e3f0e6f3ff5fc37b1dc1e5-Sentry.js:1
(anonymous) @ 3756ad214dde52cb58a1300177547475.js:55
$evalAsync @ 3756ad214dde52cb58a1300177547475.js:153
(anonymous) @ 3756ad214dde52cb58a1300177547475.js:137
h @ 3756ad214dde52cb58a1300177547475.js:139
l @ 3756ad214dde52cb58a1300177547475.js:140
c @ 3756ad214dde52cb58a1300177547475.js:139
Promise.then
l @ 3756ad214dde52cb58a1300177547475.js:140
k @ 3756ad214dde52cb58a1300177547475.js:139
(anonymous) @ 3756ad214dde52cb58a1300177547475.js:139
$digest @ 3756ad214dde52cb58a1300177547475.js:150
$apply @ 3756ad214dde52cb58a1300177547475.js:153
(anonymous) @ 3756ad214dde52cb58a1300177547475.js:25
invoke @ 3756ad214dde52cb58a1300177547475.js:48
c @ 3756ad214dde52cb58a1300177547475.js:25
Pc @ 3756ad214dde52cb58a1300177547475.js:26
(anonymous) @ d16e9b1f4f874a3b3e643ef395bb41f92589450562b1146e52569c62ff533635-Chat.js:1
j @ 0496306d944faeb488779bad1af0738e.js:7
fireWith @ 0496306d944faeb488779bad1af0738e.js:7
ready @ 0496306d944faeb488779bad1af0738e.js:7
J @ 0496306d944faeb488779bad1af0738e.js:7
ecsv2.roblox.com/www/e.png?btn=GuacMigration&ctx=guac_migration&url=https%3A%2F%2Fapis.roblox.com%2Fguac-v2%2Fv1%2Fbundles%2Fapp-policy&latency=654&version=v2&status=success&error=&errordetails=&evt=guac_migration&lt=2026-05-20T12%3A05%3A57.337Z&gid=-67862807&sid=de00683c-2b46-4c41-bb1b-ac493608d67c:1  GET https://ecsv2.roblox.com/www/e.png?btn=GuacMigration&ctx=guac_migration&url=https%3A%2F%2Fapis.roblox.com%2Fguac-v2%2Fv1%2Fbundles%2Fapp-policy&latency=654&version=v2&status=success&error=&errordetails=&evt=guac_migration&lt=2026-05-20T12%3A05%3A57.337Z&gid=-67862807&sid=de00683c-2b46-4c41-bb1b-ac493608d67c net::ERR_BLOCKED_BY_CLIENT
Image
sendEventWithTarget @ 0496306d944faeb488779bad1af0738e.js:96
lk @ 38ce3bd52c1b542dd81e38c52eecd03de1499c5bf9c7b463db2e484d87b26d5e-CoreUtilities.js:11
lG @ 38ce3bd52c1b542dd81e38c52eecd03de1499c5bf9c7b463db2e484d87b26d5e-CoreUtilities.js:11
bs @ 38ce3bd52c1b542dd81e38c52eecd03de1499c5bf9c7b463db2e484d87b26d5e-CoreUtilities.js:11
(anonymous) @ 38ce3bd52c1b542dd81e38c52eecd03de1499c5bf9c7b463db2e484d87b26d5e-CoreUtilities.js:11
(anonymous) @ 38ce3bd52c1b542dd81e38c52eecd03de1499c5bf9c7b463db2e484d87b26d5e-CoreUtilities.js:11
bi @ 38ce3bd52c1b542dd81e38c52eecd03de1499c5bf9c7b463db2e484d87b26d5e-CoreUtilities.js:11
i @ 38ce3bd52c1b542dd81e38c52eecd03de1499c5bf9c7b463db2e484d87b26d5e-CoreUtilities.js:11
Promise.then
bi @ 38ce3bd52c1b542dd81e38c52eecd03de1499c5bf9c7b463db2e484d87b26d5e-CoreUtilities.js:11
i @ 38ce3bd52c1b542dd81e38c52eecd03de1499c5bf9c7b463db2e484d87b26d5e-CoreUtilities.js:11
(anonymous) @ 38ce3bd52c1b542dd81e38c52eecd03de1499c5bf9c7b463db2e484d87b26d5e-CoreUtilities.js:11
(anonymous) @ 38ce3bd52c1b542dd81e38c52eecd03de1499c5bf9c7b463db2e484d87b26d5e-CoreUtilities.js:11
bc @ 38ce3bd52c1b542dd81e38c52eecd03de1499c5bf9c7b463db2e484d87b26d5e-CoreUtilities.js:11
getAppPolicies @ d16e9b1f4f874a3b3e643ef395bb41f92589450562b1146e52569c62ff533635-Chat.js:1
(anonymous) @ d16e9b1f4f874a3b3e643ef395bb41f92589450562b1146e52569c62ff533635-Chat.js:1
(anonymous) @ d16e9b1f4f874a3b3e643ef395bb41f92589450562b1146e52569c62ff533635-Chat.js:1
n @ d16e9b1f4f874a3b3e643ef395bb41f92589450562b1146e52569c62ff533635-Chat.js:1
invoke @ 3756ad214dde52cb58a1300177547475.js:48
(anonymous) @ 3756ad214dde52cb58a1300177547475.js:98
n @ 3756ad214dde52cb58a1300177547475.js:73
g @ 3756ad214dde52cb58a1300177547475.js:65
(anonymous) @ 3756ad214dde52cb58a1300177547475.js:65
p @ d16e9b1f4f874a3b3e643ef395bb41f92589450562b1146e52569c62ff533635-Chat.js:1
(anonymous) @ d16e9b1f4f874a3b3e643ef395bb41f92589450562b1146e52569c62ff533635-Chat.js:1
$digest @ 3756ad214dde52cb58a1300177547475.js:151
$apply @ 3756ad214dde52cb58a1300177547475.js:153
l @ 3756ad214dde52cb58a1300177547475.js:106
(anonymous) @ 3756ad214dde52cb58a1300177547475.js:111
r @ de7063d3320bfcbf6356e3b749302f3d52d6024125e3f0e6f3ff5fc37b1dc1e5-Sentry.js:1
XMLHttpRequest.send
tisTradesListXhrSend @ trades-list.js:105
e.send @ injectScriptAdjust.js:1
(anonymous) @ de7063d3320bfcbf6356e3b749302f3d52d6024125e3f0e6f3ff5fc37b1dc1e5-Sentry.js:1
apply @ de7063d3320bfcbf6356e3b749302f3d52d6024125e3f0e6f3ff5fc37b1dc1e5-Sentry.js:1
(anonymous) @ 3756ad214dde52cb58a1300177547475.js:112
q @ 3756ad214dde52cb58a1300177547475.js:107
(anonymous) @ 3756ad214dde52cb58a1300177547475.js:105
(anonymous) @ 3756ad214dde52cb58a1300177547475.js:139
$digest @ 3756ad214dde52cb58a1300177547475.js:150
(anonymous) @ 3756ad214dde52cb58a1300177547475.js:153
e @ 3756ad214dde52cb58a1300177547475.js:52
(anonymous) @ 3756ad214dde52cb58a1300177547475.js:55
r @ de7063d3320bfcbf6356e3b749302f3d52d6024125e3f0e6f3ff5fc37b1dc1e5-Sentry.js:1
setTimeout
(anonymous) @ de7063d3320bfcbf6356e3b749302f3d52d6024125e3f0e6f3ff5fc37b1dc1e5-Sentry.js:1
(anonymous) @ 3756ad214dde52cb58a1300177547475.js:55
$evalAsync @ 3756ad214dde52cb58a1300177547475.js:153
(anonymous) @ 3756ad214dde52cb58a1300177547475.js:137
h @ 3756ad214dde52cb58a1300177547475.js:139
l @ 3756ad214dde52cb58a1300177547475.js:140
c @ 3756ad214dde52cb58a1300177547475.js:139
Promise.then
l @ 3756ad214dde52cb58a1300177547475.js:140
k @ 3756ad214dde52cb58a1300177547475.js:139
(anonymous) @ 3756ad214dde52cb58a1300177547475.js:139
$digest @ 3756ad214dde52cb58a1300177547475.js:150
$apply @ 3756ad214dde52cb58a1300177547475.js:153
l @ 3756ad214dde52cb58a1300177547475.js:106
(anonymous) @ 3756ad214dde52cb58a1300177547475.js:111
r @ de7063d3320bfcbf6356e3b749302f3d52d6024125e3f0e6f3ff5fc37b1dc1e5-Sentry.js:1
XMLHttpRequest.send
tisTradesListXhrSend @ trades-list.js:105
e.send @ injectScriptAdjust.js:1
(anonymous) @ de7063d3320bfcbf6356e3b749302f3d52d6024125e3f0e6f3ff5fc37b1dc1e5-Sentry.js:1
apply @ de7063d3320bfcbf6356e3b749302f3d52d6024125e3f0e6f3ff5fc37b1dc1e5-Sentry.js:1
(anonymous) @ 3756ad214dde52cb58a1300177547475.js:112
q @ 3756ad214dde52cb58a1300177547475.js:107
(anonymous) @ 3756ad214dde52cb58a1300177547475.js:105
(anonymous) @ 3756ad214dde52cb58a1300177547475.js:139
$digest @ 3756ad214dde52cb58a1300177547475.js:150
(anonymous) @ 3756ad214dde52cb58a1300177547475.js:153
e @ 3756ad214dde52cb58a1300177547475.js:52
(anonymous) @ 3756ad214dde52cb58a1300177547475.js:55
r @ de7063d3320bfcbf6356e3b749302f3d52d6024125e3f0e6f3ff5fc37b1dc1e5-Sentry.js:1
setTimeout
(anonymous) @ de7063d3320bfcbf6356e3b749302f3d52d6024125e3f0e6f3ff5fc37b1dc1e5-Sentry.js:1
(anonymous) @ 3756ad214dde52cb58a1300177547475.js:55
$evalAsync @ 3756ad214dde52cb58a1300177547475.js:153
(anonymous) @ 3756ad214dde52cb58a1300177547475.js:137
h @ 3756ad214dde52cb58a1300177547475.js:139
l @ 3756ad214dde52cb58a1300177547475.js:140
c @ 3756ad214dde52cb58a1300177547475.js:139
Promise.then
l @ 3756ad214dde52cb58a1300177547475.js:140
k @ 3756ad214dde52cb58a1300177547475.js:139
(anonymous) @ 3756ad214dde52cb58a1300177547475.js:139
$digest @ 3756ad214dde52cb58a1300177547475.js:150
(anonymous) @ 3756ad214dde52cb58a1300177547475.js:153
e @ 3756ad214dde52cb58a1300177547475.js:52
(anonymous) @ 3756ad214dde52cb58a1300177547475.js:55
r @ de7063d3320bfcbf6356e3b749302f3d52d6024125e3f0e6f3ff5fc37b1dc1e5-Sentry.js:1
setTimeout
(anonymous) @ de7063d3320bfcbf6356e3b749302f3d52d6024125e3f0e6f3ff5fc37b1dc1e5-Sentry.js:1
(anonymous) @ 3756ad214dde52cb58a1300177547475.js:55
$evalAsync @ 3756ad214dde52cb58a1300177547475.js:153
(anonymous) @ 3756ad214dde52cb58a1300177547475.js:137
h @ 3756ad214dde52cb58a1300177547475.js:139
l @ 3756ad214dde52cb58a1300177547475.js:140
k @ 3756ad214dde52cb58a1300177547475.js:139
(anonymous) @ 3756ad214dde52cb58a1300177547475.js:138
q @ 3756ad214dde52cb58a1300177547475.js:106
f @ 3756ad214dde52cb58a1300177547475.js:105
l @ 3756ad214dde52cb58a1300177547475.js:106
(anonymous) @ 3756ad214dde52cb58a1300177547475.js:111
r @ de7063d3320bfcbf6356e3b749302f3d52d6024125e3f0e6f3ff5fc37b1dc1e5-Sentry.js:1
ecsv2.roblox.com/www/e.png?btn=GuacMigration&ctx=guac_migration&url=https%3A%2F%2Fapis.roblox.com%2Fguac-v2%2Fv1%2Fbundles%2Fabuse-reporting-revamp&latency=777&version=v2&status=success&error=&errordetails=&evt=guac_migration&lt=2026-05-20T12%3A05%3A57.461Z&gid=-67862807&sid=de00683c-2b46-4c41-bb1b-ac493608d67c:1  GET https://ecsv2.roblox.com/www/e.png?btn=GuacMigration&ctx=guac_migration&url=https%3A%2F%2Fapis.roblox.com%2Fguac-v2%2Fv1%2Fbundles%2Fabuse-reporting-revamp&latency=777&version=v2&status=success&error=&errordetails=&evt=guac_migration&lt=2026-05-20T12%3A05%3A57.461Z&gid=-67862807&sid=de00683c-2b46-4c41-bb1b-ac493608d67c net::ERR_BLOCKED_BY_CLIENT
Image
sendEventWithTarget @ 0496306d944faeb488779bad1af0738e.js:96
lk @ 38ce3bd52c1b542dd81e38c52eecd03de1499c5bf9c7b463db2e484d87b26d5e-CoreUtilities.js:11
lG @ 38ce3bd52c1b542dd81e38c52eecd03de1499c5bf9c7b463db2e484d87b26d5e-CoreUtilities.js:11
bs @ 38ce3bd52c1b542dd81e38c52eecd03de1499c5bf9c7b463db2e484d87b26d5e-CoreUtilities.js:11
(anonymous) @ 38ce3bd52c1b542dd81e38c52eecd03de1499c5bf9c7b463db2e484d87b26d5e-CoreUtilities.js:11
(anonymous) @ 38ce3bd52c1b542dd81e38c52eecd03de1499c5bf9c7b463db2e484d87b26d5e-CoreUtilities.js:11
bi @ 38ce3bd52c1b542dd81e38c52eecd03de1499c5bf9c7b463db2e484d87b26d5e-CoreUtilities.js:11
i @ 38ce3bd52c1b542dd81e38c52eecd03de1499c5bf9c7b463db2e484d87b26d5e-CoreUtilities.js:11
Promise.then
bi @ 38ce3bd52c1b542dd81e38c52eecd03de1499c5bf9c7b463db2e484d87b26d5e-CoreUtilities.js:11
i @ 38ce3bd52c1b542dd81e38c52eecd03de1499c5bf9c7b463db2e484d87b26d5e-CoreUtilities.js:11
(anonymous) @ 38ce3bd52c1b542dd81e38c52eecd03de1499c5bf9c7b463db2e484d87b26d5e-CoreUtilities.js:11
(anonymous) @ 38ce3bd52c1b542dd81e38c52eecd03de1499c5bf9c7b463db2e484d87b26d5e-CoreUtilities.js:11
bc @ 38ce3bd52c1b542dd81e38c52eecd03de1499c5bf9c7b463db2e484d87b26d5e-CoreUtilities.js:11
getAbuseReportRevampPolicies @ d16e9b1f4f874a3b3e643ef395bb41f92589450562b1146e52569c62ff533635-Chat.js:1
(anonymous) @ d16e9b1f4f874a3b3e643ef395bb41f92589450562b1146e52569c62ff533635-Chat.js:1
(anonymous) @ d16e9b1f4f874a3b3e643ef395bb41f92589450562b1146e52569c62ff533635-Chat.js:1
n @ d16e9b1f4f874a3b3e643ef395bb41f92589450562b1146e52569c62ff533635-Chat.js:1
invoke @ 3756ad214dde52cb58a1300177547475.js:48
(anonymous) @ 3756ad214dde52cb58a1300177547475.js:98
n @ 3756ad214dde52cb58a1300177547475.js:73
g @ 3756ad214dde52cb58a1300177547475.js:65
(anonymous) @ 3756ad214dde52cb58a1300177547475.js:65
p @ d16e9b1f4f874a3b3e643ef395bb41f92589450562b1146e52569c62ff533635-Chat.js:1
(anonymous) @ d16e9b1f4f874a3b3e643ef395bb41f92589450562b1146e52569c62ff533635-Chat.js:1
$digest @ 3756ad214dde52cb58a1300177547475.js:151
$apply @ 3756ad214dde52cb58a1300177547475.js:153
l @ 3756ad214dde52cb58a1300177547475.js:106
(anonymous) @ 3756ad214dde52cb58a1300177547475.js:111
r @ de7063d3320bfcbf6356e3b749302f3d52d6024125e3f0e6f3ff5fc37b1dc1e5-Sentry.js:1
XMLHttpRequest.send
tisTradesListXhrSend @ trades-list.js:105
e.send @ injectScriptAdjust.js:1
(anonymous) @ de7063d3320bfcbf6356e3b749302f3d52d6024125e3f0e6f3ff5fc37b1dc1e5-Sentry.js:1
apply @ de7063d3320bfcbf6356e3b749302f3d52d6024125e3f0e6f3ff5fc37b1dc1e5-Sentry.js:1
(anonymous) @ 3756ad214dde52cb58a1300177547475.js:112
q @ 3756ad214dde52cb58a1300177547475.js:107
(anonymous) @ 3756ad214dde52cb58a1300177547475.js:105
(anonymous) @ 3756ad214dde52cb58a1300177547475.js:139
$digest @ 3756ad214dde52cb58a1300177547475.js:150
(anonymous) @ 3756ad214dde52cb58a1300177547475.js:153
e @ 3756ad214dde52cb58a1300177547475.js:52
(anonymous) @ 3756ad214dde52cb58a1300177547475.js:55
r @ de7063d3320bfcbf6356e3b749302f3d52d6024125e3f0e6f3ff5fc37b1dc1e5-Sentry.js:1
setTimeout
(anonymous) @ de7063d3320bfcbf6356e3b749302f3d52d6024125e3f0e6f3ff5fc37b1dc1e5-Sentry.js:1
(anonymous) @ 3756ad214dde52cb58a1300177547475.js:55
$evalAsync @ 3756ad214dde52cb58a1300177547475.js:153
(anonymous) @ 3756ad214dde52cb58a1300177547475.js:137
h @ 3756ad214dde52cb58a1300177547475.js:139
l @ 3756ad214dde52cb58a1300177547475.js:140
c @ 3756ad214dde52cb58a1300177547475.js:139
Promise.then
l @ 3756ad214dde52cb58a1300177547475.js:140
k @ 3756ad214dde52cb58a1300177547475.js:139
(anonymous) @ 3756ad214dde52cb58a1300177547475.js:139
$digest @ 3756ad214dde52cb58a1300177547475.js:150
$apply @ 3756ad214dde52cb58a1300177547475.js:153
l @ 3756ad214dde52cb58a1300177547475.js:106
(anonymous) @ 3756ad214dde52cb58a1300177547475.js:111
r @ de7063d3320bfcbf6356e3b749302f3d52d6024125e3f0e6f3ff5fc37b1dc1e5-Sentry.js:1
XMLHttpRequest.send
tisTradesListXhrSend @ trades-list.js:105
e.send @ injectScriptAdjust.js:1
(anonymous) @ de7063d3320bfcbf6356e3b749302f3d52d6024125e3f0e6f3ff5fc37b1dc1e5-Sentry.js:1
apply @ de7063d3320bfcbf6356e3b749302f3d52d6024125e3f0e6f3ff5fc37b1dc1e5-Sentry.js:1
(anonymous) @ 3756ad214dde52cb58a1300177547475.js:112
q @ 3756ad214dde52cb58a1300177547475.js:107
(anonymous) @ 3756ad214dde52cb58a1300177547475.js:105
(anonymous) @ 3756ad214dde52cb58a1300177547475.js:139
$digest @ 3756ad214dde52cb58a1300177547475.js:150
(anonymous) @ 3756ad214dde52cb58a1300177547475.js:153
e @ 3756ad214dde52cb58a1300177547475.js:52
(anonymous) @ 3756ad214dde52cb58a1300177547475.js:55
r @ de7063d3320bfcbf6356e3b749302f3d52d6024125e3f0e6f3ff5fc37b1dc1e5-Sentry.js:1
setTimeout
(anonymous) @ de7063d3320bfcbf6356e3b749302f3d52d6024125e3f0e6f3ff5fc37b1dc1e5-Sentry.js:1
(anonymous) @ 3756ad214dde52cb58a1300177547475.js:55
$evalAsync @ 3756ad214dde52cb58a1300177547475.js:153
(anonymous) @ 3756ad214dde52cb58a1300177547475.js:137
h @ 3756ad214dde52cb58a1300177547475.js:139
l @ 3756ad214dde52cb58a1300177547475.js:140
c @ 3756ad214dde52cb58a1300177547475.js:139
Promise.then
l @ 3756ad214dde52cb58a1300177547475.js:140
k @ 3756ad214dde52cb58a1300177547475.js:139
(anonymous) @ 3756ad214dde52cb58a1300177547475.js:139
$digest @ 3756ad214dde52cb58a1300177547475.js:150
(anonymous) @ 3756ad214dde52cb58a1300177547475.js:153
e @ 3756ad214dde52cb58a1300177547475.js:52
(anonymous) @ 3756ad214dde52cb58a1300177547475.js:55
r @ de7063d3320bfcbf6356e3b749302f3d52d6024125e3f0e6f3ff5fc37b1dc1e5-Sentry.js:1
setTimeout
(anonymous) @ de7063d3320bfcbf6356e3b749302f3d52d6024125e3f0e6f3ff5fc37b1dc1e5-Sentry.js:1
(anonymous) @ 3756ad214dde52cb58a1300177547475.js:55
$evalAsync @ 3756ad214dde52cb58a1300177547475.js:153
(anonymous) @ 3756ad214dde52cb58a1300177547475.js:137
h @ 3756ad214dde52cb58a1300177547475.js:139
l @ 3756ad214dde52cb58a1300177547475.js:140
k @ 3756ad214dde52cb58a1300177547475.js:139
(anonymous) @ 3756ad214dde52cb58a1300177547475.js:138
q @ 3756ad214dde52cb58a1300177547475.js:106
f @ 3756ad214dde52cb58a1300177547475.js:105
l @ 3756ad214dde52cb58a1300177547475.js:106
(anonymous) @ 3756ad214dde52cb58a1300177547475.js:111
r @ de7063d3320bfcbf6356e3b749302f3d52d6024125e3f0e6f3ff5fc37b1dc1e5-Sentry.js:1
VM4405 vendor.js:159 Uncaught (in promise) Error: Uncaught Error: No Listener: tabs:outgoing.message.ready
VM4405 vendor.js:1 Evaluating a string as JavaScript violates the following Content Security Policy directive because 'unsafe-eval' is not an allowed source of script: "script-src 'self' 'unsafe-inline' apis.roblox.com roblox.com *.evidon.com *.gigya.com *.google-analytics.com *.ns1p.net adservice.google.com cdn.arkoselabs.com connect.facebook.net funcaptcha.com js.rbxcdn.com js.stripe.com long.open.weixin.qq.com midas.gtimg.cn radar.cedexis.com res.wx.qq.com roblox-api.arkoselabs.com arkoselabs.roblox.com roblox-load-generator-configuration.s3.us-east-2.amazonaws.com s.ytimg.com sb.scorecardresearch.com static.rbxcdn.com www.google.com www.gstatic.com www.youtube.com h.online-metrix.net request.eprotect.vantivcnp.com request.eprotect.vantivpostlive.com *.googletagmanager.com *.googleadservices.com googleads.g.doubleclick.net cdn.veriff.me *.lightstep.com client-api.arkoselabs.com api.arkoselabs.com *.sierra.chat sierra.chat sc-static.net *.sc-static.net *.snapchat.com *.tapad.com analytics.tiktok.com cdn.safecharge.com".
 The action has been blocked.
(anonymous) @ VM4405 vendor.js:1
value @ content.js:1
value @ content.js:1
(anonymous) @ content.js:1
f @ VM4405 vendor.js:159
(anonymous) @ VM4405 vendor.js:159
(anonymous) @ VM4405 vendor.js:159
r @ VM4405 vendor.js:159
s @ VM4405 vendor.js:159
Promise.then
r @ VM4405 vendor.js:159
s @ VM4405 vendor.js:159
Promise.then
r @ VM4405 vendor.js:159
s @ VM4405 vendor.js:159
Promise.then
r @ VM4405 vendor.js:159
s @ VM4405 vendor.js:159
(anonymous) @ VM4405 vendor.js:159
(anonymous) @ VM4405 vendor.js:159
Z @ content.js:1
(anonymous) @ contentFunc.js:1
f @ VM4405 vendor.js:159
(anonymous) @ VM4405 vendor.js:159
(anonymous) @ VM4405 vendor.js:159
r @ VM4405 vendor.js:159
s @ VM4405 vendor.js:159
(anonymous) @ VM4405 vendor.js:159
(anonymous) @ VM4405 vendor.js:159
Ee @ contentFunc.js:1
Ce @ contentFunc.js:1
(anonymous) @ contentFunc.js:1
f @ VM4405 vendor.js:159
(anonymous) @ VM4405 vendor.js:159
(anonymous) @ VM4405 vendor.js:159
r @ VM4405 vendor.js:159
s @ VM4405 vendor.js:159
(anonymous) @ VM4405 vendor.js:159
(anonymous) @ VM4405 vendor.js:159
qe @ contentFunc.js:1
We @ contentFunc.js:1
(anonymous) @ content.js:1
f @ VM4405 vendor.js:159
(anonymous) @ VM4405 vendor.js:159
(anonymous) @ VM4405 vendor.js:159
r @ VM4405 vendor.js:159
s @ VM4405 vendor.js:159
(anonymous) @ VM4405 vendor.js:159
(anonymous) @ VM4405 vendor.js:159
(anonymous) @ content.js:1
(anonymous) @ content.js:1
requestIdleCallback
(anonymous) @ content.js:1
n @ content.js:1
(anonymous) @ content.js:1
(anonymous) @ content.js:1
requestIdleCallback
(anonymous) @ content.js:1
n @ content.js:1
(anonymous) @ content.js:1
(anonymous) @ content.js:1
requestIdleCallback
(anonymous) @ content.js:1
n @ content.js:1
(anonymous) @ content.js:1
(anonymous) @ content.js:1
requestIdleCallback
(anonymous) @ content.js:1
n @ content.js:1
(anonymous) @ content.js:1
(anonymous) @ content.js:1
requestIdleCallback
(anonymous) @ content.js:1
n @ content.js:1
(anonymous) @ content.js:1
(anonymous) @ content.js:1
requestIdleCallback
(anonymous) @ content.js:1
n @ content.js:1
(anonymous) @ content.js:1
(anonymous) @ content.js:1
requestIdleCallback
(anonymous) @ content.js:1
n @ content.js:1
(anonymous) @ content.js:1
(anonymous) @ content.js:1
requestIdleCallback
(anonymous) @ content.js:1
n @ content.js:1
(anonymous) @ content.js:1
(anonymous) @ content.js:1
requestIdleCallback
(anonymous) @ content.js:1
n @ content.js:1
(anonymous) @ content.js:1
(anonymous) @ content.js:1
requestIdleCallback
(anonymous) @ content.js:1
n @ content.js:1
(anonymous) @ content.js:1
(anonymous) @ content.js:1
requestIdleCallback
(anonymous) @ content.js:1
n @ content.js:1
(anonymous) @ content.js:1
(anonymous) @ content.js:1
requestIdleCallback
(anonymous) @ content.js:1
n @ content.js:1
(anonymous) @ content.js:1
(anonymous) @ content.js:1
requestIdleCallback
(anonymous) @ content.js:1
n @ content.js:1
(anonymous) @ content.js:1
(anonymous) @ content.js:1
requestIdleCallback
(anonymous) @ content.js:1
n @ content.js:1
(anonymous) @ content.js:1
(anonymous) @ content.js:1
requestIdleCallback
(anonymous) @ content.js:1
n @ content.js:1
(anonymous) @ content.js:1
(anonymous) @ content.js:1
requestIdleCallback
(anonymous) @ content.js:1
n @ content.js:1
(anonymous) @ content.js:1
(anonymous) @ content.js:1
requestIdleCallback
(anonymous) @ content.js:1
n @ content.js:1
(anonymous) @ content.js:1
(anonymous) @ content.js:1
requestIdleCallback
(anonymous) @ content.js:1
n @ content.js:1
(anonymous) @ content.js:1
(anonymous) @ content.js:1
requestIdleCallback
(anonymous) @ content.js:1
n @ content.js:1
(anonymous) @ content.js:1
(anonymous) @ content.js:1
requestIdleCallback
(anonymous) @ content.js:1
n @ content.js:1
(anonymous) @ content.js:1
(anonymous) @ content.js:1
requestIdleCallback
(anonymous) @ content.js:1
n @ content.js:1
(anonymous) @ content.js:1
(anonymous) @ content.js:1
requestIdleCallback
(anonymous) @ content.js:1
n @ content.js:1
(anonymous) @ content.js:1
(anonymous) @ content.js:1
requestIdleCallback
(anonymous) @ content.js:1
n @ content.js:1
(anonymous) @ content.js:1
(anonymous) @ content.js:1
requestIdleCallback
(anonymous) @ content.js:1
n @ content.js:1
(anonymous) @ content.js:1
(anonymous) @ content.js:1
requestIdleCallback
(anonymous) @ content.js:1
n @ content.js:1
(anonymous) @ content.js:1
(anonymous) @ content.js:1
requestIdleCallback
(anonymous) @ content.js:1
n @ content.js:1
(anonymous) @ content.js:1
(anonymous) @ content.js:1
requestIdleCallback
(anonymous) @ content.js:1
n @ content.js:1
(anonymous) @ content.js:1
(anonymous) @ content.js:1
requestIdleCallback
(anonymous) @ content.js:1
n @ content.js:1
(anonymous) @ content.js:1
(anonymous) @ content.js:1
requestIdleCallback
(anonymous) @ content.js:1
n @ content.js:1
(anonymous) @ content.js:1
(anonymous) @ content.js:1
VM4405 vendor.js:1  POST https://metrics.roblox.com/v1/csp/report?type=enforce net::ERR_BLOCKED_BY_CLIENT
(anonymous) @ VM4405 vendor.js:1
value @ content.js:1
value @ content.js:1
(anonymous) @ content.js:1
f @ VM4405 vendor.js:159
(anonymous) @ VM4405 vendor.js:159
(anonymous) @ VM4405 vendor.js:159
r @ VM4405 vendor.js:159
s @ VM4405 vendor.js:159
Promise.then
r @ VM4405 vendor.js:159
s @ VM4405 vendor.js:159
Promise.then
r @ VM4405 vendor.js:159
s @ VM4405 vendor.js:159
Promise.then
r @ VM4405 vendor.js:159
s @ VM4405 vendor.js:159
(anonymous) @ VM4405 vendor.js:159
(anonymous) @ VM4405 vendor.js:159
Z @ content.js:1
(anonymous) @ contentFunc.js:1
f @ VM4405 vendor.js:159
(anonymous) @ VM4405 vendor.js:159
(anonymous) @ VM4405 vendor.js:159
r @ VM4405 vendor.js:159
s @ VM4405 vendor.js:159
(anonymous) @ VM4405 vendor.js:159
(anonymous) @ VM4405 vendor.js:159
Ee @ contentFunc.js:1
Ce @ contentFunc.js:1
(anonymous) @ contentFunc.js:1
f @ VM4405 vendor.js:159
(anonymous) @ VM4405 vendor.js:159
(anonymous) @ VM4405 vendor.js:159
r @ VM4405 vendor.js:159
s @ VM4405 vendor.js:159
(anonymous) @ VM4405 vendor.js:159
(anonymous) @ VM4405 vendor.js:159
qe @ contentFunc.js:1
We @ contentFunc.js:1
(anonymous) @ content.js:1
f @ VM4405 vendor.js:159
(anonymous) @ VM4405 vendor.js:159
(anonymous) @ VM4405 vendor.js:159
r @ VM4405 vendor.js:159
s @ VM4405 vendor.js:159
(anonymous) @ VM4405 vendor.js:159
(anonymous) @ VM4405 vendor.js:159
(anonymous) @ content.js:1
(anonymous) @ content.js:1
requestIdleCallback
(anonymous) @ content.js:1
n @ content.js:1
(anonymous) @ content.js:1
(anonymous) @ content.js:1
requestIdleCallback
(anonymous) @ content.js:1
n @ content.js:1
(anonymous) @ content.js:1
(anonymous) @ content.js:1
requestIdleCallback
(anonymous) @ content.js:1
n @ content.js:1
(anonymous) @ content.js:1
(anonymous) @ content.js:1
requestIdleCallback
(anonymous) @ content.js:1
n @ content.js:1
(anonymous) @ content.js:1
(anonymous) @ content.js:1
requestIdleCallback
(anonymous) @ content.js:1
n @ content.js:1
(anonymous) @ content.js:1
(anonymous) @ content.js:1
requestIdleCallback
(anonymous) @ content.js:1
n @ content.js:1
(anonymous) @ content.js:1
(anonymous) @ content.js:1
requestIdleCallback
(anonymous) @ content.js:1
n @ content.js:1
(anonymous) @ content.js:1
(anonymous) @ content.js:1
requestIdleCallback
(anonymous) @ content.js:1
n @ content.js:1
(anonymous) @ content.js:1
(anonymous) @ content.js:1
requestIdleCallback
(anonymous) @ content.js:1
n @ content.js:1
(anonymous) @ content.js:1
(anonymous) @ content.js:1
requestIdleCallback
(anonymous) @ content.js:1
n @ content.js:1
(anonymous) @ content.js:1
(anonymous) @ content.js:1
requestIdleCallback
(anonymous) @ content.js:1
n @ content.js:1
(anonymous) @ content.js:1
(anonymous) @ content.js:1
requestIdleCallback
(anonymous) @ content.js:1
n @ content.js:1
(anonymous) @ content.js:1
(anonymous) @ content.js:1
requestIdleCallback
(anonymous) @ content.js:1
n @ content.js:1
(anonymous) @ content.js:1
(anonymous) @ content.js:1
requestIdleCallback
(anonymous) @ content.js:1
n @ content.js:1
(anonymous) @ content.js:1
(anonymous) @ content.js:1
requestIdleCallback
(anonymous) @ content.js:1
n @ content.js:1
(anonymous) @ content.js:1
(anonymous) @ content.js:1
requestIdleCallback
(anonymous) @ content.js:1
n @ content.js:1
(anonymous) @ content.js:1
(anonymous) @ content.js:1
requestIdleCallback
(anonymous) @ content.js:1
n @ content.js:1
(anonymous) @ content.js:1
(anonymous) @ content.js:1
requestIdleCallback
(anonymous) @ content.js:1
n @ content.js:1
(anonymous) @ content.js:1
(anonymous) @ content.js:1
requestIdleCallback
(anonymous) @ content.js:1
n @ content.js:1
(anonymous) @ content.js:1
(anonymous) @ content.js:1
requestIdleCallback
(anonymous) @ content.js:1
n @ content.js:1
(anonymous) @ content.js:1
(anonymous) @ content.js:1
requestIdleCallback
(anonymous) @ content.js:1
n @ content.js:1
(anonymous) @ content.js:1
(anonymous) @ content.js:1
requestIdleCallback
(anonymous) @ content.js:1
n @ content.js:1
(anonymous) @ content.js:1
(anonymous) @ content.js:1
requestIdleCallback
(anonymous) @ content.js:1
n @ content.js:1
(anonymous) @ content.js:1
(anonymous) @ content.js:1
requestIdleCallback
(anonymous) @ content.js:1
n @ content.js:1
(anonymous) @ content.js:1
(anonymous) @ content.js:1
requestIdleCallback
(anonymous) @ content.js:1
n @ content.js:1
(anonymous) @ content.js:1
(anonymous) @ content.js:1
requestIdleCallback
(anonymous) @ content.js:1
n @ content.js:1
(anonymous) @ content.js:1
(anonymous) @ content.js:1
requestIdleCallback
(anonymous) @ content.js:1
n @ content.js:1
(anonymous) @ content.js:1
(anonymous) @ content.js:1
requestIdleCallback
(anonymous) @ content.js:1
n @ content.js:1
(anonymous) @ content.js:1
(anonymous) @ content.js:1
requestIdleCallback
(anonymous) @ content.js:1
n @ content.js:1
(anonymous) @ content.js:1
(anonymous) @ content.js:1
VM4405 vendor.js:80 TypeError: Cannot read properties of null (reading 'cssRules')
    at fe (VM4405 vendor.js:27:48748)
    at t.insertRule (VM4405 vendor.js:27:50457)
    at t.insertRules (VM4405 vendor.js:27:50123)
    at t.deploy (VM4405 vendor.js:27:49986)
    at t.deploy (VM4405 vendor.js:27:44134)
    at t.attach (VM4405 vendor.js:27:42803)
    at m (VM4405 vendor.js:1:185503)
    at VM4405 vendor.js:1:186827
    at y (VM4405 vendor.js:1:186205)
    at k (VM4405 vendor.js:1:186742)
    at ii (components.js:1:2880530)
    at oo (VM4405 vendor.js:80:59054)
    at qs (VM4405 vendor.js:80:111135)
    at Pu (VM4405 vendor.js:80:98408)
    at Tu (VM4405 vendor.js:80:98336)
    at Du (VM4405 vendor.js:80:98199)
    at bu (VM4405 vendor.js:80:95186)
    at pu (VM4405 vendor.js:80:92542)
    at el (VM4405 vendor.js:80:108627)
    at VM4405 vendor.js:80:110013
    at _u (VM4405 vendor.js:80:95564)
    at ol (VM4405 vendor.js:80:109998)
    at t.render (VM4405 vendor.js:80:117449)
    at content.js:1:174045
    at content.js:1:179317
    at f (VM4405 vendor.js:159:177559)
    at Generator._invoke (VM4405 vendor.js:159:177312)
    at Generator.next (VM4405 vendor.js:159:177922)
    at r (VM4405 vendor.js:159:183977)
    at s (VM4405 vendor.js:159:184180)
    at VM4405 vendor.js:159:184239
    at new Promise (<anonymous>)
    at VM4405 vendor.js:159:184120
    at content.js:1:179542
    at f (VM4405 vendor.js:159:177559)
    at Generator._invoke (VM4405 vendor.js:159:177312)
    at Generator.next (VM4405 vendor.js:159:177922)
    at r (VM4405 vendor.js:159:183977)
    at s (VM4405 vendor.js:159:184180)
cs @ VM4405 vendor.js:80
n.callback @ VM4405 vendor.js:80
pa @ VM4405 vendor.js:80
vs @ VM4405 vendor.js:80
Iu @ VM4405 vendor.js:80
t.unstable_runWithPriority @ VM4405 vendor.js:141
Wi @ VM4405 vendor.js:80
Ou @ VM4405 vendor.js:80
bu @ VM4405 vendor.js:80
pu @ VM4405 vendor.js:80
el @ VM4405 vendor.js:80
(anonymous) @ VM4405 vendor.js:80
_u @ VM4405 vendor.js:80
ol @ VM4405 vendor.js:80
t.render @ VM4405 vendor.js:80
(anonymous) @ content.js:1
(anonymous) @ content.js:1
f @ VM4405 vendor.js:159
(anonymous) @ VM4405 vendor.js:159
(anonymous) @ VM4405 vendor.js:159
r @ VM4405 vendor.js:159
s @ VM4405 vendor.js:159
(anonymous) @ VM4405 vendor.js:159
(anonymous) @ VM4405 vendor.js:159
(anonymous) @ content.js:1
f @ VM4405 vendor.js:159
(anonymous) @ VM4405 vendor.js:159
(anonymous) @ VM4405 vendor.js:159
r @ VM4405 vendor.js:159
s @ VM4405 vendor.js:159
Promise.then
r @ VM4405 vendor.js:159
s @ VM4405 vendor.js:159
Promise.then
r @ VM4405 vendor.js:159
s @ VM4405 vendor.js:159
(anonymous) @ VM4405 vendor.js:159
(anonymous) @ VM4405 vendor.js:159
(anonymous) @ content.js:1
(anonymous) @ content.js:1
(anonymous) @ content.js:1
f @ VM4405 vendor.js:159
(anonymous) @ VM4405 vendor.js:159
(anonymous) @ VM4405 vendor.js:159
r @ VM4405 vendor.js:159
s @ VM4405 vendor.js:159
(anonymous) @ VM4405 vendor.js:159
(anonymous) @ VM4405 vendor.js:159
(anonymous) @ content.js:1
(anonymous) @ content.js:1
f @ VM4405 vendor.js:159
(anonymous) @ VM4405 vendor.js:159
(anonymous) @ VM4405 vendor.js:159
r @ VM4405 vendor.js:159
s @ VM4405 vendor.js:159
Promise.then
r @ VM4405 vendor.js:159
s @ VM4405 vendor.js:159
Promise.then
r @ VM4405 vendor.js:159
s @ VM4405 vendor.js:159
Promise.then
r @ VM4405 vendor.js:159
s @ VM4405 vendor.js:159
(anonymous) @ VM4405 vendor.js:159
(anonymous) @ VM4405 vendor.js:159
(anonymous) @ content.js:1
(anonymous) @ content.js:1
f @ VM4405 vendor.js:159
(anonymous) @ VM4405 vendor.js:159
(anonymous) @ VM4405 vendor.js:159
r @ VM4405 vendor.js:159
s @ VM4405 vendor.js:159
(anonymous) @ VM4405 vendor.js:159
(anonymous) @ VM4405 vendor.js:159
Nr @ content.js:1
Rr @ content.js:1
(anonymous) @ content.js:1
f @ VM4405 vendor.js:159
(anonymous) @ VM4405 vendor.js:159
(anonymous) @ VM4405 vendor.js:159
r @ VM4405 vendor.js:159
s @ VM4405 vendor.js:159
Promise.then
r @ VM4405 vendor.js:159
s @ VM4405 vendor.js:159
(anonymous) @ VM4405 vendor.js:159
(anonymous) @ VM4405 vendor.js:159
(anonymous) @ content.js:1
(anonymous) @ content.js:1
requestIdleCallback
(anonymous) @ content.js:1
n @ content.js:1
(anonymous) @ content.js:1
(anonymous) @ content.js:1
requestIdleCallback
(anonymous) @ content.js:1
n @ content.js:1
(anonymous) @ content.js:1
(anonymous) @ content.js:1
requestIdleCallback
(anonymous) @ content.js:1
n @ content.js:1
(anonymous) @ content.js:1
(anonymous) @ content.js:1
requestIdleCallback
(anonymous) @ content.js:1
n @ content.js:1
(anonymous) @ content.js:1
(anonymous) @ content.js:1
requestIdleCallback
(anonymous) @ content.js:1
n @ content.js:1
(anonymous) @ content.js:1
(anonymous) @ content.js:1
requestIdleCallback
(anonymous) @ content.js:1
n @ content.js:1
(anonymous) @ content.js:1
(anonymous) @ content.js:1
requestIdleCallback
(anonymous) @ content.js:1
n @ content.js:1
(anonymous) @ content.js:1
(anonymous) @ content.js:1
requestIdleCallback
(anonymous) @ content.js:1
n @ content.js:1
(anonymous) @ content.js:1
(anonymous) @ content.js:1
requestIdleCallback
(anonymous) @ content.js:1
n @ content.js:1
(anonymous) @ content.js:1
(anonymous) @ content.js:1
requestIdleCallback
(anonymous) @ content.js:1
n @ content.js:1
(anonymous) @ content.js:1
(anonymous) @ content.js:1
requestIdleCallback
(anonymous) @ content.js:1
n @ content.js:1
(anonymous) @ content.js:1
(anonymous) @ content.js:1
requestIdleCallback
(anonymous) @ content.js:1
n @ content.js:1
(anonymous) @ content.js:1
(anonymous) @ content.js:1
requestIdleCallback
(anonymous) @ content.js:1
n @ content.js:1
(anonymous) @ content.js:1
(anonymous) @ content.js:1
requestIdleCallback
(anonymous) @ content.js:1
n @ content.js:1
(anonymous) @ content.js:1
(anonymous) @ content.js:1
requestIdleCallback
(anonymous) @ content.js:1
n @ content.js:1
(anonymous) @ content.js:1
(anonymous) @ content.js:1
requestIdleCallback
(anonymous) @ content.js:1
n @ content.js:1
(anonymous) @ content.js:1
(anonymous) @ content.js:1
requestIdleCallback
(anonymous) @ content.js:1
n @ content.js:1
(anonymous) @ content.js:1
(anonymous) @ content.js:1
requestIdleCallback
(anonymous) @ content.js:1
n @ content.js:1
(anonymous) @ content.js:1
(anonymous) @ content.js:1
requestIdleCallback
(anonymous) @ content.js:1
n @ content.js:1
(anonymous) @ content.js:1
(anonymous) @ content.js:1
requestIdleCallback
(anonymous) @ content.js:1
n @ content.js:1
(anonymous) @ content.js:1
(anonymous) @ content.js:1
requestIdleCallback
(anonymous) @ content.js:1
n @ content.js:1
(anonymous) @ content.js:1
(anonymous) @ content.js:1
requestIdleCallback
(anonymous) @ content.js:1
n @ content.js:1
(anonymous) @ content.js:1
(anonymous) @ content.js:1
requestIdleCallback
(anonymous) @ content.js:1
n @ content.js:1
(anonymous) @ content.js:1
(anonymous) @ content.js:1
requestIdleCallback
(anonymous) @ content.js:1
n @ content.js:1
(anonymous) @ content.js:1
(anonymous) @ content.js:1
requestIdleCallback
(anonymous) @ content.js:1
n @ content.js:1
(anonymous) @ content.js:1
(anonymous) @ content.js:1
requestIdleCallback
(anonymous) @ content.js:1
n @ content.js:1
(anonymous) @ content.js:1
(anonymous) @ content.js:1
requestIdleCallback
(anonymous) @ content.js:1
n @ content.js:1
(anonymous) @ content.js:1
(anonymous) @ content.js:1
requestIdleCallback
(anonymous) @ content.js:1
n @ content.js:1
(anonymous) @ content.js:1
(anonymous) @ content.js:1
requestIdleCallback
(anonymous) @ content.js:1
n @ content.js:1
(anonymous) @ content.js:1
(anonymous) @ content.js:1
requestIdleCallback
(anonymous) @ content.js:1
n @ content.js:1
(anonymous) @ content.js:1
(anonymous) @ content.js:1
requestIdleCallback
(anonymous) @ content.js:1
n @ content.js:1
(anonymous) @ content.js:1
(anonymous) @ content.js:1
requestIdleCallback
(anonymous) @ content.js:1
n @ content.js:1
(anonymous) @ content.js:1
(anonymous) @ content.js:1
requestIdleCallback
(anonymous) @ content.js:1
n @ content.js:1
(anonymous) @ content.js:1
(anonymous) @ content.js:1
requestIdleCallback
(anonymous) @ content.js:1
n @ content.js:1
(anonymous) @ content.js:1
(anonymous) @ content.js:1
requestIdleCallback
(anonymous) @ content.js:1
n @ content.js:1
(anonymous) @ content.js:1
(anonymous) @ content.js:1
requestIdleCallback
(anonymous) @ content.js:1
n @ content.js:1
(anonymous) @ content.js:1
(anonymous) @ content.js:1
requestIdleCallback
(anonymous) @ content.js:1
n @ content.js:1
(anonymous) @ content.js:1
(anonymous) @ content.js:1
requestIdleCallback
(anonymous) @ content.js:1
n @ content.js:1
(anonymous) @ content.js:1
(anonymous) @ content.js:1
requestIdleCallback
(anonymous) @ content.js:1
n @ content.js:1
(anonymous) @ content.js:1
(anonymous) @ content.js:1
requestIdleCallback
(anonymous) @ content.js:1
n @ content.js:1
(anonymous) @ content.js:1
(anonymous) @ content.js:1
requestIdleCallback
(anonymous) @ content.js:1
n @ content.js:1
(anonymous) @ content.js:1
(anonymous) @ content.js:1
requestIdleCallback
(anonymous) @ content.js:1
n @ content.js:1
(anonymous) @ content.js:1
(anonymous) @ content.js:1
requestIdleCallback
(anonymous) @ content.js:1
n @ content.js:1
(anonymous) @ content.js:1
(anonymous) @ content.js:1
requestIdleCallback
(anonymous) @ content.js:1
n @ content.js:1
(anonymous) @ content.js:1
(anonymous) @ content.js:1
requestIdleCallback
(anonymous) @ content.js:1
n @ content.js:1
(anonymous) @ content.js:1
(anonymous) @ content.js:1
requestIdleCallback
(anonymous) @ content.js:1
n @ content.js:1
(anonymous) @ content.js:1
(anonymous) @ content.js:1
ecsv2.roblox.com/www/e.png?evt=pageHeartbeat&ctx=heartbeat2&url=https%3A%2F%2Fwww.roblox.com%2Fusers%2F2911519853%2Ftrade&lt=2026-05-20T12%3A06%3A02.059Z&gid=-67862807&sid=de00683c-2b46-4c41-bb1b-ac493608d67c:1  GET https://ecsv2.roblox.com/www/e.png?evt=pageHeartbeat&ctx=heartbeat2&url=https%3A%2F%2Fwww.roblox.com%2Fusers%2F2911519853%2Ftrade&lt=2026-05-20T12%3A06%3A02.059Z&gid=-67862807&sid=de00683c-2b46-4c41-bb1b-ac493608d67c net::ERR_BLOCKED_BY_CLIENT
Image
sendEventWithTarget @ 0496306d944faeb488779bad1af0738e.js:96
sendEvent @ 0496306d944faeb488779bad1af0738e.js:98
streamEvent @ 0496306d944faeb488779bad1af0738e.js:120
(anonymous) @ 0496306d944faeb488779bad1af0738e.js:120
r @ de7063d3320bfcbf6356e3b749302f3d52d6024125e3f0e6f3ff5fc37b1dc1e5-Sentry.js:1
ecsv2.roblox.com/www/e.png?evt=pageHeartbeat_v2&ctx=heartbeat1&url=https%3A%2F%2Fwww.roblox.com%2Fusers%2F2911519853%2Ftrade&lt=2026-05-20T12%3A06%3A13.556Z&gid=-67862807&sid=de00683c-2b46-4c41-bb1b-ac493608d67c:1  GET https://ecsv2.roblox.com/www/e.png?evt=pageHeartbeat_v2&ctx=heartbeat1&url=https%3A%2F%2Fwww.roblox.com%2Fusers%2F2911519853%2Ftrade&lt=2026-05-20T12%3A06%3A13.556Z&gid=-67862807&sid=de00683c-2b46-4c41-bb1b-ac493608d67c net::ERR_BLOCKED_BY_CLIENT
Image
sendEventWithTarget @ 0496306d944faeb488779bad1af0738e.js:96
lk @ 38ce3bd52c1b542dd81e38c52eecd03de1499c5bf9c7b463db2e484d87b26d5e-CoreUtilities.js:11
value @ 38ce3bd52c1b542dd81e38c52eecd03de1499c5bf9c7b463db2e484d87b26d5e-CoreUtilities.js:11
window.Worker.worker.worker.onmessage @ 38ce3bd52c1b542dd81e38c52eecd03de1499c5bf9c7b463db2e484d87b26d5e-CoreUtilities.js:11
postMessage
(anonymous) @ script/?component=PageHeartbeatWorker&v=1:1
setInterval
globalThis.onmessage @ script/?component=PageHeartbeatWorker&v=1:1
ecsv2.roblox.com/www/e.png?evt=pageHeartbeat&ctx=heartbeat3&url=https%3A%2F%2Fwww.roblox.com%2Fusers%2F2911519853%2Ftrade&lt=2026-05-20T12%3A06%3A22.062Z&gid=-67862807&sid=de00683c-2b46-4c41-bb1b-ac493608d67c:1  GET https://ecsv2.roblox.com/www/e.png?evt=pageHeartbeat&ctx=heartbeat3&url=https%3A%2F%2Fwww.roblox.com%2Fusers%2F2911519853%2Ftrade&lt=2026-05-20T12%3A06%3A22.062Z&gid=-67862807&sid=de00683c-2b46-4c41-bb1b-ac493608d67c net::ERR_BLOCKED_BY_CLIENT
Image
sendEventWithTarget @ 0496306d944faeb488779bad1af0738e.js:96
sendEvent @ 0496306d944faeb488779bad1af0738e.js:98
streamEvent @ 0496306d944faeb488779bad1af0738e.js:120
(anonymous) @ 0496306d944faeb488779bad1af0738e.js:120
r @ de7063d3320bfcbf6356e3b749302f3d52d6024125e3f0e6f3ff5fc37b1dc1e5-Sentry.js:1
ecsv2.roblox.com/www/e.png?evt=pageHeartbeat_v2&ctx=heartbeat2&url=https%3A%2F%2Fwww.roblox.com%2Fusers%2F2911519853%2Ftrade&lt=2026-05-20T12%3A06%3A33.536Z&gid=-67862807&sid=de00683c-2b46-4c41-bb1b-ac493608d67c:1  GET https://ecsv2.roblox.com/www/e.png?evt=pageHeartbeat_v2&ctx=heartbeat2&url=https%3A%2F%2Fwww.roblox.com%2Fusers%2F2911519853%2Ftrade&lt=2026-05-20T12%3A06%3A33.536Z&gid=-67862807&sid=de00683c-2b46-4c41-bb1b-ac493608d67c net::ERR_BLOCKED_BY_CLIENT
Image
sendEventWithTarget @ 0496306d944faeb488779bad1af0738e.js:96
lk @ 38ce3bd52c1b542dd81e38c52eecd03de1499c5bf9c7b463db2e484d87b26d5e-CoreUtilities.js:11
value @ 38ce3bd52c1b542dd81e38c52eecd03de1499c5bf9c7b463db2e484d87b26d5e-CoreUtilities.js:11
window.Worker.worker.worker.onmessage @ 38ce3bd52c1b542dd81e38c52eecd03de1499c5bf9c7b463db2e484d87b26d5e-CoreUtilities.js:11
postMessage
(anonymous) @ script/?component=PageHeartbeatWorker&v=1:1
setInterval
globalThis.onmessage @ script/?component=PageHeartbeatWorker&v=1:1
